[debug] [2026-08-02T23:58:17.793Z] ----------------------------------------------------------------------
[debug] [2026-08-02T23:58:17.795Z] Command:       /usr/bin/node /home/aalexx/.local/bin/firebase emulators:start --only functions
[debug] [2026-08-02T23:58:17.795Z] CLI Version:   15.25.1
[debug] [2026-08-02T23:58:17.795Z] Platform:      linux
[debug] [2026-08-02T23:58:17.795Z] Node Version:  v25.9.0
[debug] [2026-08-02T23:58:17.795Z] Detected Agent: unknown
[debug] [2026-08-02T23:58:17.795Z] Time:          Sun Aug 02 2026 18:58:17 GMT-0500 (hora estándar de Colombia)
[debug] [2026-08-02T23:58:17.795Z] ----------------------------------------------------------------------
[debug] 
[debug] [2026-08-02T23:58:18.341Z] Field "/emulators/firestore/port" in "firebase.json" is possibly invalid: must be number
[debug] [2026-08-02T23:58:18.344Z] > command requires scopes: ["email","openid","https://www.googleapis.com/auth/cloudplatformprojects.readonly","https://www.googleapis.com/auth/firebase","https://www.googleapis.com/auth/cloud-platform"]
[debug] Failed to authenticate, have you run firebase login?
[warn] ⚠  emulators: You are not currently authenticated so some features may not work correctly. Please run firebase login to authenticate the CLI. 
[info] i  emulators: Starting emulators: functions {"metadata":{"emulator":{"name":"hub"},"message":"Starting emulators: functions"}}
[debug] [2026-08-02T23:58:18.432Z] [logging] Logging Emulator only supports listening on one address (127.0.0.1). Not listening on ::1
[debug] [2026-08-02T23:58:18.432Z] assigned listening specs for emulators {"user":{"hub":[{"address":"127.0.0.1","family":"IPv4","port":4400},{"address":"::1","family":"IPv6","port":4400}],"ui":[{"address":"127.0.0.1","family":"IPv4","port":4000},{"address":"::1","family":"IPv6","port":4000}],"logging":[{"address":"127.0.0.1","family":"IPv4","port":4500}]},"metadata":{"message":"assigned listening specs for emulators"}}
[debug] [2026-08-02T23:58:18.436Z] Write emulator hub locator at /tmp/hub-salinaka-ecommerce.json
[debug] [2026-08-02T23:58:18.441Z] [functions] Functions Emulator only supports listening on one address (127.0.0.1). Not listening on ::1
[debug] [2026-08-02T23:58:18.441Z] [eventarc] Eventarc Emulator only supports listening on one address (127.0.0.1). Not listening on ::1
[debug] [2026-08-02T23:58:18.441Z] [tasks] Cloud Tasks Emulator only supports listening on one address (127.0.0.1). Not listening on ::1
[debug] [2026-08-02T23:58:18.441Z] late-assigned ports for functions and eventarc emulators {"user":{"hub":[{"address":"127.0.0.1","family":"IPv4","port":4400},{"address":"::1","family":"IPv6","port":4400}],"ui":[{"address":"127.0.0.1","family":"IPv4","port":4000},{"address":"::1","family":"IPv6","port":4000}],"logging":[{"address":"127.0.0.1","family":"IPv4","port":4500}],"functions":[{"address":"127.0.0.1","family":"IPv4","port":5001}],"eventarc":[{"address":"127.0.0.1","family":"IPv4","port":9299}],"tasks":[{"address":"127.0.0.1","family":"IPv4","port":9499}]},"metadata":{"message":"late-assigned ports for functions and eventarc emulators"}}
[warn] ⚠  functions: The following emulators are not running, calls to these services from the Functions emulator will affect production: apphosting, auth, firestore, database, hosting, pubsub, storage, dataconnect {"metadata":{"emulator":{"name":"functions"},"message":"The following emulators are not running, calls to these services from the Functions emulator will affect production: \u001b[1mapphosting, auth, firestore, database, hosting, pubsub, storage, dataconnect\u001b[22m"}}
[debug] [2026-08-02T23:58:18.452Z] No OAuth tokens found
[debug] [2026-08-02T23:58:18.452Z] No OAuth tokens found
[debug] [2026-08-02T23:58:18.452Z] > command requires scopes: ["email","openid","https://www.googleapis.com/auth/cloudplatformprojects.readonly","https://www.googleapis.com/auth/firebase","https://www.googleapis.com/auth/cloud-platform"]
[debug] [2026-08-02T23:58:18.453Z] Failed to get Admin SDK config for salinaka-ecommerce, falling back to cache Failed to get Admin SDK for Firebase project salinaka-ecommerce. Please make sure the project exists and your account has permission to access it. {"name":"FirebaseError","children":[],"exit":2,"message":"Failed to get Admin SDK for Firebase project salinaka-ecommerce. Please make sure the project exists and your account has permission to access it.","original":{"name":"FirebaseError","children":[],"exit":1,"message":"Failed to authenticate, have you run \u001b[1mfirebase login\u001b[22m?","original":{},"status":500},"status":500}
[warn] ⚠  functions: Unable to fetch project Admin SDK configuration, Admin SDK behavior in Cloud Functions emulator may be incorrect. {"metadata":{"emulator":{"name":"functions"},"message":"Unable to fetch project Admin SDK configuration, Admin SDK behavior in Cloud Functions emulator may be incorrect."}}
[info] i  functions: Watching "/home/aalexx/Escritorio/Estudios/TiendaDeGafas/ecommerce-react/functions" for Cloud Functions... {"metadata":{"emulator":{"name":"functions"},"message":"Watching \"/home/aalexx/Escritorio/Estudios/TiendaDeGafas/ecommerce-react/functions\" for Cloud Functions..."}}
[debug] [2026-08-02T23:58:18.465Z] Validating nodejs source
[debug] [2026-08-02T23:58:19.264Z] > [functions] package.json contents: {
  "name": "functions",
  "description": "Cloud Functions for Firebase",
  "scripts": {
    "lint": "eslint .",
    "serve": "firebase emulators:start --only functions",
    "shell": "firebase functions:shell",
    "start": "npm run shell",
    "deploy": "firebase deploy --only functions",
    "logs": "firebase functions:log"
  },
  "engines": {
    "node": "20"
  },
  "main": "index.js",
  "dependencies": {
    "firebase-admin": "^14.2.0",
    "firebase-functions": "^7.3.2"
  },
  "devDependencies": {
    "eslint": "^5.12.0",
    "eslint-plugin-promise": "^4.0.1",
    "firebase-functions-test": "^0.2.0"
  },
  "private": true
}
[debug] [2026-08-02T23:58:19.264Z] Building nodejs source
[debug] [2026-08-02T23:58:19.264Z] Failed to find version of module node: reached end of search path /home/aalexx/Escritorio/Estudios/TiendaDeGafas/ecommerce-react/functions/node_modules
[warn] ⚠  functions: Your requested "node" version "20" doesn't match your global version "25". Using node@25 from host. 
[debug] [2026-08-02T23:58:19.266Z] Could not find functions.yaml. Must use http discovery
[debug] [2026-08-02T23:58:19.268Z] Found firebase-functions binary at '/home/aalexx/Escritorio/Estudios/TiendaDeGafas/ecommerce-react/functions/node_modules/.bin/firebase-functions'
[info] Serving at port 8928

[debug] [2026-08-02T23:58:19.809Z] Got response from /__/functions.yaml {"endpoints":{"lowercaseProductName":{"availableMemoryMb":null,"timeoutSeconds":null,"minInstances":null,"maxInstances":null,"ingressSettings":null,"concurrency":null,"serviceAccountEmail":null,"vpc":null,"platform":"gcfv2","labels":{},"eventTrigger":{"eventType":"google.cloud.firestore.document.v1.created","eventFilters":{"database":"(default)","namespace":"(default)"},"eventFilterPathPatterns":{"document":"products/{documentId}"},"retry":false},"entryPoint":"lowercaseProductName"}},"specVersion":"v1alpha1","requiredAPIs":[],"extensions":{}}
[info] ✔  functions: Loaded functions definitions from source: lowercaseProductName. {"metadata":{"emulator":{"name":"functions"},"message":"Loaded functions definitions from source: lowercaseProductName."}}
[info] i  functions[us-central1-lowercaseProductName]: function ignored because the firestore emulator does not exist or is not running. {"metadata":{"emulator":{"name":"functions"},"message":"function ignored because the firestore emulator does not exist or is not running."}}
[debug] [2026-08-02T23:58:22.844Z] Could not find VSCode notification endpoint: TypeError: fetch failed. If you are not running the Firebase SQL Connect VSCode extension, this is expected and not an issue.
[info] 
┌─────────────────────────────────────────────────────────────┐
│ ✔  All emulators ready! It is now safe to connect your app. │
│ i  View Emulator UI at http://127.0.0.1:4000/               │
└─────────────────────────────────────────────────────────────┘

┌───────────┬────────────────┬─────────────────────────────────┐
│ Emulator  │ Host:Port      │ View in Emulator UI             │
├───────────┼────────────────┼─────────────────────────────────┤
│ Functions │ 127.0.0.1:5001 │ http://127.0.0.1:4000/functions │
└───────────┴────────────────┴─────────────────────────────────┘
  Emulator Hub host: 127.0.0.1 port: 4400
  Other reserved ports: 4500

Issues? Report them at https://github.com/firebase/firebase-tools/issues and attach the *-debug.log files.
 
[debug] [2026-08-03T03:35:33.755Z] Received signal SIGHUP 1
[info]  
[info] i  emulators: Received SIGHUP for the first time. Starting a clean shutdown. 
[info] i  emulators: Please wait for a clean shutdown or send the SIGHUP signal again to stop right now. 
[debug] [2026-08-03T03:35:33.758Z] Error: write EIO
    at afterWriteDispatched (node:internal/stream_base_commons:159:15)
    at writeGeneric (node:internal/stream_base_commons:150:3)
    at Socket._writeGeneric (node:net:1025:11)
    at Socket._write (node:net:1037:8)
    at writeOrBuffer (node:internal/streams/writable:570:12)
    at _write (node:internal/streams/writable:499:10)
    at Writable.write (node:internal/streams/writable:508:10)
    at Console.log (/home/aalexx/.local/lib/node_modules/firebase-tools/node_modules/winston/lib/winston/transports/console.js:87:23)
    at Console._write (/home/aalexx/.local/lib/node_modules/firebase-tools/node_modules/winston-transport/modern.js:103:17)
    at doWrite (/home/aalexx/.local/lib/node_modules/firebase-tools/node_modules/winston-transport/node_modules/readable-stream/lib/_stream_writable.js:390:139)
[error] 
[error] Error: An unexpected error has occurred.
[debug] [2026-08-03T03:35:33.758Z] Error: write EIO
    at afterWriteDispatched (node:internal/stream_base_commons:159:15)
    at writeGeneric (node:internal/stream_base_commons:150:3)
    at Socket._writeGeneric (node:net:1025:11)
    at Socket._write (node:net:1037:8)
    at writeOrBuffer (node:internal/streams/writable:570:12)
    at _write (node:internal/streams/writable:499:10)
    at Writable.write (node:internal/streams/writable:508:10)
    at Console.log (/home/aalexx/.local/lib/node_modules/firebase-tools/node_modules/winston/lib/winston/transports/console.js:87:23)
    at Console._write (/home/aalexx/.local/lib/node_modules/firebase-tools/node_modules/winston-transport/modern.js:103:17)
    at doWrite (/home/aalexx/.local/lib/node_modules/firebase-tools/node_modules/winston-transport/node_modules/readable-stream/lib/_stream_writable.js:390:139)
[error] 
[error] Error: An unexpected error has occurred.
[debug] [2026-08-03T03:35:33.759Z] Error: write EIO
    at afterWriteDispatched (node:internal/stream_base_commons:159:15)
    at writeGeneric (node:internal/stream_base_commons:150:3)
    at Socket._writeGeneric (node:net:1025:11)
    at Socket._write (node:net:1037:8)
    at writeOrBuffer (node:internal/streams/writable:570:12)
    at _write (node:internal/streams/writable:499:10)
    at Writable.write (node:internal/streams/writable:508:10)
    at Console.log (/home/aalexx/.local/lib/node_modules/firebase-tools/node_modules/winston/lib/winston/transports/console.js:87:23)
    at Console._write (/home/aalexx/.local/lib/node_modules/firebase-tools/node_modules/winston-transport/modern.js:103:17)
    at doWrite (/home/aalexx/.local/lib/node_modules/firebase-tools/node_modules/winston-transport/node_modules/readable-stream/lib/_stream_writable.js:390:139)
[error] 
[error] Error: An unexpected error has occurred.
[debug] [2026-08-03T03:35:33.759Z] Error: write EIO
    at afterWriteDispatched (node:internal/stream_base_commons:159:15)
    at writeGeneric (node:internal/stream_base_commons:150:3)
    at Socket._writeGeneric (node:net:1025:11)
    at Socket._write (node:net:1037:8)
    at writeOrBuffer (node:internal/streams/writable:570:12)
    at _write (node:internal/streams/writable:499:10)
    at Writable.write (node:internal/streams/writable:508:10)
    at Console.log (/home/aalexx/.local/lib/node_modules/firebase-tools/node_modules/winston/lib/winston/transports/console.js:87:23)
    at Console._write (/home/aalexx/.local/lib/node_modules/firebase-tools/node_modules/winston-transport/modern.js:103:17)
    at doWrite (/home/aalexx/.local/lib/node_modules/firebase-tools/node_modules/winston-transport/node_modules/readable-stream/lib/_stream_writable.js:390:139)
[error] 
[error] Error: An unexpected error has occurred.
[debug] [2026-08-03T03:35:33.760Z] Error: write EIO
    at afterWriteDispatched (node:internal/stream_base_commons:159:15)
    at writeGeneric (node:internal/stream_base_commons:150:3)
    at Socket._writeGeneric (node:net:1025:11)
    at Socket._write (node:net:1037:8)
    at writeOrBuffer (node:internal/streams/writable:570:12)
    at _write (node:internal/streams/writable:499:10)
    at Writable.write (node:internal/streams/writable:508:10)
    at Console.log (/home/aalexx/.local/lib/node_modules/firebase-tools/node_modules/winston/lib/winston/transports/console.js:87:23)
    at Console._write (/home/aalexx/.local/lib/node_modules/firebase-tools/node_modules/winston-transport/modern.js:103:17)
    at doWrite (/home/aalexx/.local/lib/node_modules/firebase-tools/node_modules/winston-transport/node_modules/readable-stream/lib/_stream_writable.js:390:139)
[error] 
[error] Error: An unexpected error has occurred.
[debug] [2026-08-03T03:35:33.760Z] Error: write EIO
    at afterWriteDispatched (node:internal/stream_base_commons:159:15)
    at writeGeneric (node:internal/stream_base_commons:150:3)
    at Socket._writeGeneric (node:net:1025:11)
    at Socket._write (node:net:1037:8)
    at writeOrBuffer (node:internal/streams/writable:570:12)
    at _write (node:internal/streams/writable:499:10)
    at Writable.write (node:internal/streams/writable:508:10)
    at Console.log (/home/aalexx/.local/lib/node_modules/firebase-tools/node_modules/winston/lib/winston/transports/console.js:87:23)
    at Console._write (/home/aalexx/.local/lib/node_modules/firebase-tools/node_modules/winston-transport/modern.js:103:17)
    at doWrite (/home/aalexx/.local/lib/node_modules/firebase-tools/node_modules/winston-transport/node_modules/readable-stream/lib/_stream_writable.js:390:139)
[error] 
[error] Error: An unexpected error has occurred.
[debug] [2026-08-03T03:35:33.760Z] Error: write EIO
    at afterWriteDispatched (node:internal/stream_base_commons:159:15)
    at writeGeneric (node:internal/stream_base_commons:150:3)
    at Socket._writeGeneric (node:net:1025:11)
    at Socket._write (node:net:1037:8)
    at writeOrBuffer (node:internal/streams/writable:570:12)
    at _write (node:internal/streams/writable:499:10)
    at Writable.write (node:internal/streams/writable:508:10)
    at Console.log (/home/aalexx/.local/lib/node_modules/firebase-tools/node_modules/winston/lib/winston/transports/console.js:87:23)
    at Console._write (/home/aalexx/.local/lib/node_modules/firebase-tools/node_modules/winston-transport/modern.js:103:17)
    at doWrite (/home/aalexx/.local/lib/node_modules/firebase-tools/node_modules/winston-transport/node_modules/readable-stream/lib/_stream_writable.js:390:139)
[error] 
[error] Error: An unexpected error has occurred.
[debug] [2026-08-03T03:35:33.761Z] Error: write EIO
    at afterWriteDispatched (node:internal/stream_base_commons:159:15)
    at writeGeneric (node:internal/stream_base_commons:150:3)
    at Socket._writeGeneric (node:net:1025:11)
    at Socket._write (node:net:1037:8)
    at writeOrBuffer (node:internal/streams/writable:570:12)
    at _write (node:internal/streams/writable:499:10)
    at Writable.write (node:internal/streams/writable:508:10)
    at Console.log (/home/aalexx/.local/lib/node_modules/firebase-tools/node_modules/winston/lib/winston/transports/console.js:87:23)
    at Console._write (/home/aalexx/.local/lib/node_modules/firebase-tools/node_modules/winston-transport/modern.js:103:17)
    at doWrite (/home/aalexx/.local/lib/node_modules/firebase-tools/node_modules/winston-transport/node_modules/readable-stream/lib/_stream_writable.js:390:139)
[error] 
[error] Error: An unexpected error has occurred.
[debug] [2026-08-03T03:35:33.761Z] Error: write EIO
    at afterWriteDispatched (node:internal/stream_base_commons:159:15)
    at writeGeneric (node:internal/stream_base_commons:150:3)
    at Socket._writeGeneric (node:net:1025:11)
    at Socket._write (node:net:1037:8)
    at writeOrBuffer (node:internal/streams/writable:570:12)
    at _write (node:internal/streams/writable:499:10)
    at Writable.write (node:internal/streams/writable:508:10)
    at Console.log (/home/aalexx/.local/lib/node_modules/firebase-tools/node_modules/winston/lib/winston/transports/console.js:87:23)
    at Console._write (/home/aalexx/.local/lib/node_modules/firebase-tools/node_modules/winston-transport/modern.js:103:17)
    at doWrite (/home/aalexx/.local/lib/node_modules/firebase-tools/node_modules/winston-transport/node_modules/readable-stream/lib/_stream_writable.js:390:139)
[error] 
[error] Error: An unexpected error has occurred.
[debug] [2026-08-03T03:35:33.762Z] Error: write EIO
    at afterWriteDispatched (node:internal/stream_base_commons:159:15)
    at writeGeneric (node:internal/stream_base_commons:150:3)
    at Socket._writeGeneric (node:net:1025:11)
    at Socket._write (node:net:1037:8)
    at writeOrBuffer (node:internal/streams/writable:570:12)
    at _write (node:internal/streams/writable:499:10)
    at Writable.write (node:internal/streams/writable:508:10)
    at Console.log (/home/aalexx/.local/lib/node_modules/firebase-tools/node_modules/winston/lib/winston/transports/console.js:87:23)
    at Console._write (/home/aalexx/.local/lib/node_modules/firebase-tools/node_modules/winston-transport/modern.js:103:17)
    at doWrite (/home/aalexx/.local/lib/node_modules/firebase-tools/node_modules/winston-transport/node_modules/readable-stream/lib/_stream_writable.js:390:139)
[error] 
[error] Error: An unexpected error has occurred.
[debug] [2026-08-03T03:35:33.762Z] Error: write EIO
    at afterWriteDispatched (node:internal/stream_base_commons:159:15)
    at writeGeneric (node:internal/stream_base_commons:150:3)
    at Socket._writeGeneric (node:net:1025:11)
    at Socket._write (node:net:1037:8)
    at writeOrBuffer (node:internal/streams/writable:570:12)
    at _write (node:internal/streams/writable:499:10)
    at Writable.write (node:internal/streams/writable:508:10)
    at Console.log (/home/aalexx/.local/lib/node_modules/firebase-tools/node_modules/winston/lib/winston/transports/console.js:87:23)
    at Console._write (/home/aalexx/.local/lib/node_modules/firebase-tools/node_modules/winston-transport/modern.js:103:17)
    at doWrite (/home/aalexx/.local/lib/node_modules/firebase-tools/node_modules/winston-transport/node_modules/readable-stream/lib/_stream_writable.js:390:139)
[error] 
[error] Error: An unexpected error has occurred.
[debug] [2026-08-03T03:35:33.762Z] Error: write EIO
    at afterWriteDispatched (node:internal/stream_base_commons:159:15)
    at writeGeneric (node:internal/stream_base_commons:150:3)
    at Socket._writeGeneric (node:net:1025:11)
    at Socket._write (node:net:1037:8)
    at writeOrBuffer (node:internal/streams/writable:570:12)
    at _write (node:internal/streams/writable:499:10)
    at Writable.write (node:internal/streams/writable:508:10)
    at Console.log (/home/aalexx/.local/lib/node_modules/firebase-tools/node_modules/winston/lib/winston/transports/console.js:87:23)
    at Console._write (/home/aalexx/.local/lib/node_modules/firebase-tools/node_modules/winston-transport/modern.js:103:17)
    at doWrite (/home/aalexx/.local/lib/node_modules/firebase-tools/node_modules/winston-transport/node_modules/readable-stream/lib/_stream_writable.js:390:139)
[error] 
[error] Error: An unexpected error has occurred.
[debug] [2026-08-03T03:35:33.763Z] Error: write EIO
    at afterWriteDispatched (node:internal/stream_base_commons:159:15)
    at writeGeneric (node:internal/stream_base_commons:150:3)
    at Socket._writeGeneric (node:net:1025:11)
    at Socket._write (node:net:1037:8)
    at writeOrBuffer (node:internal/streams/writable:570:12)
    at _write (node:internal/streams/writable:499:10)
    at Writable.write (node:internal/streams/writable:508:10)
    at Console.log (/home/aalexx/.local/lib/node_modules/firebase-tools/node_modules/winston/lib/winston/transports/console.js:87:23)
    at Console._write (/home/aalexx/.local/lib/node_modules/firebase-tools/node_modules/winston-transport/modern.js:103:17)
    at doWrite (/home/aalexx/.local/lib/node_modules/firebase-tools/node_modules/winston-transport/node_modules/readable-stream/lib/_stream_writable.js:390:139)
[error] 
[error] Error: An unexpected error has occurred.
[debug] [2026-08-03T03:35:33.763Z] Error: write EIO
    at afterWriteDispatched (node:internal/stream_base_commons:159:15)
    at writeGeneric (node:internal/stream_base_commons:150:3)
    at Socket._writeGeneric (node:net:1025:11)
    at Socket._write (node:net:1037:8)
    at writeOrBuffer (node:internal/streams/writable:570:12)
    at _write (node:internal/streams/writable:499:10)
    at Writable.write (node:internal/streams/writable:508:10)
    at Console.log (/home/aalexx/.local/lib/node_modules/firebase-tools/node_modules/winston/lib/winston/transports/console.js:87:23)
    at Console._write (/home/aalexx/.local/lib/node_modules/firebase-tools/node_modules/winston-transport/modern.js:103:17)
    at doWrite (/home/aalexx/.local/lib/node_modules/firebase-tools/node_modules/winston-transport/node_modules/readable-stream/lib/_stream_writable.js:390:139)
[error] 
[error] Error: An unexpected error has occurred.
[debug] [2026-08-03T03:35:33.763Z] Error: write EIO
    at afterWriteDispatched (node:internal/stream_base_commons:159:15)
    at writeGeneric (node:internal/stream_base_commons:150:3)
    at Socket._writeGeneric (node:net:1025:11)
    at Socket._write (node:net:1037:8)
    at writeOrBuffer (node:internal/streams/writable:570:12)
    at _write (node:internal/streams/writable:499:10)
    at Writable.write (node:internal/streams/writable:508:10)
    at Console.log (/home/aalexx/.local/lib/node_modules/firebase-tools/node_modules/winston/lib/winston/transports/console.js:87:23)
    at Console._write (/home/aalexx/.local/lib/node_modules/firebase-tools/node_modules/winston-transport/modern.js:103:17)
    at doWrite (/home/aalexx/.local/lib/node_modules/firebase-tools/node_modules/winston-transport/node_modules/readable-stream/lib/_stream_writable.js:390:139)
[error] 
[error] Error: An unexpected error has occurred.
[debug] [2026-08-03T03:35:33.764Z] Error: write EIO
    at afterWriteDispatched (node:internal/stream_base_commons:159:15)
    at writeGeneric (node:internal/stream_base_commons:150:3)
    at Socket._writeGeneric (node:net:1025:11)
    at Socket._write (node:net:1037:8)
    at writeOrBuffer (node:internal/streams/writable:570:12)
    at _write (node:internal/streams/writable:499:10)
    at Writable.write (node:internal/streams/writable:508:10)
    at Console.log (/home/aalexx/.local/lib/node_modules/firebase-tools/node_modules/winston/lib/winston/transports/console.js:87:23)
    at Console._write (/home/aalexx/.local/lib/node_modules/firebase-tools/node_modules/winston-transport/modern.js:103:17)
    at doWrite (/home/aalexx/.local/lib/node_modules/firebase-tools/node_modules/winston-transport/node_modules/readable-stream/lib/_stream_writable.js:390:139)
[error] 
[error] Error: An unexpected error has occurred.
[debug] [2026-08-03T03:35:33.764Z] Error: write EIO
    at afterWriteDispatched (node:internal/stream_base_commons:159:15)
    at writeGeneric (node:internal/stream_base_commons:150:3)
    at Socket._writeGeneric (node:net:1025:11)
    at Socket._write (node:net:1037:8)
    at writeOrBuffer (node:internal/streams/writable:570:12)
    at _write (node:internal/streams/writable:499:10)
    at Writable.write (node:internal/streams/writable:508:10)
    at Console.log (/home/aalexx/.local/lib/node_modules/firebase-tools/node_modules/winston/lib/winston/transports/console.js:87:23)
    at Console._write (/home/aalexx/.local/lib/node_modules/firebase-tools/node_modules/winston-transport/modern.js:103:17)
    at doWrite (/home/aalexx/.local/lib/node_modules/firebase-tools/node_modules/winston-transport/node_modules/readable-stream/lib/_stream_writable.js:390:139)
[error] 
[error] Error: An unexpected error has occurred.
[debug] [2026-08-03T03:35:33.764Z] Error: write EIO
    at afterWriteDispatched (node:internal/stream_base_commons:159:15)
    at writeGeneric (node:internal/stream_base_commons:150:3)
    at Socket._writeGeneric (node:net:1025:11)
    at Socket._write (node:net:1037:8)
    at writeOrBuffer (node:internal/streams/writable:570:12)
    at _write (node:internal/streams/writable:499:10)
    at Writable.write (node:internal/streams/writable:508:10)
    at Console.log (/home/aalexx/.local/lib/node_modules/firebase-tools/node_modules/winston/lib/winston/transports/console.js:87:23)
    at Console._write (/home/aalexx/.local/lib/node_modules/firebase-tools/node_modules/winston-transport/modern.js:103:17)
    at doWrite (/home/aalexx/.local/lib/node_modules/firebase-tools/node_modules/winston-transport/node_modules/readable-stream/lib/_stream_writable.js:390:139)
[error] 
[error] Error: An unexpected error has occurred.
[debug] [2026-08-03T03:35:33.765Z] Error: write EIO
    at afterWriteDispatched (node:internal/stream_base_commons:159:15)
    at writeGeneric (node:internal/stream_base_commons:150:3)
    at Socket._writeGeneric (node:net:1025:11)
    at Socket._write (node:net:1037:8)
    at writeOrBuffer (node:internal/streams/writable:570:12)
    at _write (node:internal/streams/writable:499:10)
    at Writable.write (node:internal/streams/writable:508:10)
    at Console.log (/home/aalexx/.local/lib/node_modules/firebase-tools/node_modules/winston/lib/winston/transports/console.js:87:23)
    at Console._write (/home/aalexx/.local/lib/node_modules/firebase-tools/node_modules/winston-transport/modern.js:103:17)
    at doWrite (/home/aalexx/.local/lib/node_modules/firebase-tools/node_modules/winston-transport/node_modules/readable-stream/lib/_stream_writable.js:390:139)
[error] 
[error] Error: An unexpected error has occurred.
[debug] [2026-08-03T03:35:33.766Z] Error: write EIO
    at afterWriteDispatched (node:internal/stream_base_commons:159:15)
    at writeGeneric (node:internal/stream_base_commons:150:3)
    at Socket._writeGeneric (node:net:1025:11)
    at Socket._write (node:net:1037:8)
    at writeOrBuffer (node:internal/streams/writable:570:12)
    at _write (node:internal/streams/writable:499:10)
    at Writable.write (node:internal/streams/writable:508:10)
    at Console.log (/home/aalexx/.local/lib/node_modules/firebase-tools/node_modules/winston/lib/winston/transports/console.js:87:23)
    at Console._write (/home/aalexx/.local/lib/node_modules/firebase-tools/node_modules/winston-transport/modern.js:103:17)
    at doWrite (/home/aalexx/.local/lib/node_modules/firebase-tools/node_modules/winston-transport/node_modules/readable-stream/lib/_stream_writable.js:390:139)
[error] 
[error] Error: An unexpected error has occurred.
[debug] [2026-08-03T03:35:33.767Z] Error: write EIO
    at afterWriteDispatched (node:internal/stream_base_commons:159:15)
    at writeGeneric (node:internal/stream_base_commons:150:3)
    at Socket._writeGeneric (node:net:1025:11)
    at Socket._write (node:net:1037:8)
    at writeOrBuffer (node:internal/streams/writable:570:12)
    at _write (node:internal/streams/writable:499:10)
    at Writable.write (node:internal/streams/writable:508:10)
    at Console.log (/home/aalexx/.local/lib/node_modules/firebase-tools/node_modules/winston/lib/winston/transports/console.js:87:23)
    at Console._write (/home/aalexx/.local/lib/node_modules/firebase-tools/node_modules/winston-transport/modern.js:103:17)
    at doWrite (/home/aalexx/.local/lib/node_modules/firebase-tools/node_modules/winston-transport/node_modules/readable-stream/lib/_stream_writable.js:390:139)
[error] 
[error] Error: An unexpected error has occurred.
[debug] [2026-08-03T03:35:33.767Z] Error: write EIO
    at afterWriteDispatched (node:internal/stream_base_commons:159:15)
    at writeGeneric (node:internal/stream_base_commons:150:3)
    at Socket._writeGeneric (node:net:1025:11)
    at Socket._write (node:net:1037:8)
    at writeOrBuffer (node:internal/streams/writable:570:12)
    at _write (node:internal/streams/writable:499:10)
    at Writable.write (node:internal/streams/writable:508:10)
    at Console.log (/home/aalexx/.local/lib/node_modules/firebase-tools/node_modules/winston/lib/winston/transports/console.js:87:23)
    at Console._write (/home/aalexx/.local/lib/node_modules/firebase-tools/node_modules/winston-transport/modern.js:103:17)
    at doWrite (/home/aalexx/.local/lib/node_modules/firebase-tools/node_modules/winston-transport/node_modules/readable-stream/lib/_stream_writable.js:390:139)
[error] 
[error] Error: An unexpected error has occurred.
[debug] [2026-08-03T03:35:33.768Z] Ignoring signal SIGHUP due to short delay of 13ms
[debug] [2026-08-03T03:35:33.768Z] Error: write EIO
    at afterWriteDispatched (node:internal/stream_base_commons:159:15)
    at writeGeneric (node:internal/stream_base_commons:150:3)
    at Socket._writeGeneric (node:net:1025:11)
    at Socket._write (node:net:1037:8)
    at writeOrBuffer (node:internal/streams/writable:570:12)
    at _write (node:internal/streams/writable:499:10)
    at Writable.write (node:internal/streams/writable:508:10)
    at Console.log (/home/aalexx/.local/lib/node_modules/firebase-tools/node_modules/winston/lib/winston/transports/console.js:87:23)
    at Console._write (/home/aalexx/.local/lib/node_modules/firebase-tools/node_modules/winston-transport/modern.js:103:17)
    at doWrite (/home/aalexx/.local/lib/node_modules/firebase-tools/node_modules/winston-transport/node_modules/readable-stream/lib/_stream_writable.js:390:139)
[error] 
[error] Error: An unexpected error has occurred.
[debug] [2026-08-03T03:35:33.768Z] Error: write EIO
    at afterWriteDispatched (node:internal/stream_base_commons:159:15)
    at writeGeneric (node:internal/stream_base_commons:150:3)
    at Socket._writeGeneric (node:net:1025:11)
    at Socket._write (node:net:1037:8)
    at writeOrBuffer (node:internal/streams/writable:570:12)
    at _write (node:internal/streams/writable:499:10)
    at Writable.write (node:internal/streams/writable:508:10)
    at Console.log (/home/aalexx/.local/lib/node_modules/firebase-tools/node_modules/winston/lib/winston/transports/console.js:87:23)
    at Console._write (/home/aalexx/.local/lib/node_modules/firebase-tools/node_modules/winston-transport/modern.js:103:17)
    at doWrite (/home/aalexx/.local/lib/node_modules/firebase-tools/node_modules/winston-transport/node_modules/readable-stream/lib/_stream_writable.js:390:139)
[error] 
[error] Error: An unexpected error has occurred.
[debug] [2026-08-03T03:35:33.769Z] Error: write EIO
    at afterWriteDispatched (node:internal/stream_base_commons:159:15)
    at writeGeneric (node:internal/stream_base_commons:150:3)
    at Socket._writeGeneric (node:net:1025:11)
    at Socket._write (node:net:1037:8)
    at writeOrBuffer (node:internal/streams/writable:570:12)
    at _write (node:internal/streams/writable:499:10)
    at Writable.write (node:internal/streams/writable:508:10)
    at Console.log (/home/aalexx/.local/lib/node_modules/firebase-tools/node_modules/winston/lib/winston/transports/console.js:87:23)
    at Console._write (/home/aalexx/.local/lib/node_modules/firebase-tools/node_modules/winston-transport/modern.js:103:17)
    at doWrite (/home/aalexx/.local/lib/node_modules/firebase-tools/node_modules/winston-transport/node_modules/readable-stream/lib/_stream_writable.js:390:139)
[error] 
[error] Error: An unexpected error has occurred.
[debug] [2026-08-03T03:35:33.769Z] Error: write EIO
    at afterWriteDispatched (node:internal/stream_base_commons:159:15)
    at writeGeneric (node:internal/stream_base_commons:150:3)
    at Socket._writeGeneric (node:net:1025:11)
    at Socket._write (node:net:1037:8)
    at writeOrBuffer (node:internal/streams/writable:570:12)
    at _write (node:internal/streams/writable:499:10)
    at Writable.write (node:internal/streams/writable:508:10)
    at Console.log (/home/aalexx/.local/lib/node_modules/firebase-tools/node_modules/winston/lib/winston/transports/console.js:87:23)
    at Console._write (/home/aalexx/.local/lib/node_modules/firebase-tools/node_modules/winston-transport/modern.js:103:17)
    at doWrite (/home/aalexx/.local/lib/node_modules/firebase-tools/node_modules/winston-transport/node_modules/readable-stream/lib/_stream_writable.js:390:139)
[error] 
[error] Error: An unexpected error has occurred.
[debug] [2026-08-03T03:35:33.769Z] Error: write EIO
    at afterWriteDispatched (node:internal/stream_base_commons:159:15)
    at writeGeneric (node:internal/stream_base_commons:150:3)
    at Socket._writeGeneric (node:net:1025:11)
    at Socket._write (node:net:1037:8)
    at writeOrBuffer (node:internal/streams/writable:570:12)
    at _write (node:internal/streams/writable:499:10)
    at Writable.write (node:internal/streams/writable:508:10)
    at Console.log (/home/aalexx/.local/lib/node_modules/firebase-tools/node_modules/winston/lib/winston/transports/console.js:87:23)
    at Console._write (/home/aalexx/.local/lib/node_modules/firebase-tools/node_modules/winston-transport/modern.js:103:17)
    at doWrite (/home/aalexx/.local/lib/node_modules/firebase-tools/node_modules/winston-transport/node_modules/readable-stream/lib/_stream_writable.js:390:139)
[error] 
[error] Error: An unexpected error has occurred.
[debug] [2026-08-03T03:35:33.769Z] Error: write EIO
    at afterWriteDispatched (node:internal/stream_base_commons:159:15)
    at writeGeneric (node:internal/stream_base_commons:150:3)
    at Socket._writeGeneric (node:net:1025:11)
    at Socket._write (node:net:1037:8)
    at writeOrBuffer (node:internal/streams/writable:570:12)
    at _write (node:internal/streams/writable:499:10)
    at Writable.write (node:internal/streams/writable:508:10)
    at Console.log (/home/aalexx/.local/lib/node_modules/firebase-tools/node_modules/winston/lib/winston/transports/console.js:87:23)
    at Console._write (/home/aalexx/.local/lib/node_modules/firebase-tools/node_modules/winston-transport/modern.js:103:17)
    at doWrite (/home/aalexx/.local/lib/node_modules/firebase-tools/node_modules/winston-transport/node_modules/readable-stream/lib/_stream_writable.js:390:139)
[error] 
[error] Error: An unexpected error has occurred.
[debug] [2026-08-03T03:35:33.770Z] Error: write EIO
    at afterWriteDispatched (node:internal/stream_base_commons:159:15)
    at writeGeneric (node:internal/stream_base_commons:150:3)
    at Socket._writeGeneric (node:net:1025:11)
    at Socket._write (node:net:1037:8)
    at writeOrBuffer (node:internal/streams/writable:570:12)
    at _write (node:internal/streams/writable:499:10)
    at Writable.write (node:internal/streams/writable:508:10)
    at Console.log (/home/aalexx/.local/lib/node_modules/firebase-tools/node_modules/winston/lib/winston/transports/console.js:87:23)
    at Console._write (/home/aalexx/.local/lib/node_modules/firebase-tools/node_modules/winston-transport/modern.js:103:17)
    at doWrite (/home/aalexx/.local/lib/node_modules/firebase-tools/node_modules/winston-transport/node_modules/readable-stream/lib/_stream_writable.js:390:139)
[error] 
[error] Error: An unexpected error has occurred.
[debug] [2026-08-03T03:35:33.770Z] Error: write EIO
    at afterWriteDispatched (node:internal/stream_base_commons:159:15)
    at writeGeneric (node:internal/stream_base_commons:150:3)
    at Socket._writeGeneric (node:net:1025:11)
    at Socket._write (node:net:1037:8)
    at writeOrBuffer (node:internal/streams/writable:570:12)
    at _write (node:internal/streams/writable:499:10)
    at Writable.write (node:internal/streams/writable:508:10)
    at Console.log (/home/aalexx/.local/lib/node_modules/firebase-tools/node_modules/winston/lib/winston/transports/console.js:87:23)
    at Console._write (/home/aalexx/.local/lib/node_modules/firebase-tools/node_modules/winston-transport/modern.js:103:17)
    at doWrite (/home/aalexx/.local/lib/node_modules/firebase-tools/node_modules/winston-transport/node_modules/readable-stream/lib/_stream_writable.js:390:139)
[error] 
[error] Error: An unexpected error has occurred.
[debug] [2026-08-03T03:35:33.771Z] Error: write EIO
    at afterWriteDispatched (node:internal/stream_base_commons:159:15)
    at writeGeneric (node:internal/stream_base_commons:150:3)
    at Socket._writeGeneric (node:net:1025:11)
    at Socket._write (node:net:1037:8)
    at writeOrBuffer (node:internal/streams/writable:570:12)
    at _write (node:internal/streams/writable:499:10)
    at Writable.write (node:internal/streams/writable:508:10)
    at Console.log (/home/aalexx/.local/lib/node_modules/firebase-tools/node_modules/winston/lib/winston/transports/console.js:87:23)
    at Console._write (/home/aalexx/.local/lib/node_modules/firebase-tools/node_modules/winston-transport/modern.js:103:17)
    at doWrite (/home/aalexx/.local/lib/node_modules/firebase-tools/node_modules/winston-transport/node_modules/readable-stream/lib/_stream_writable.js:390:139)
[error] 
[error] Error: An unexpected error has occurred.
[debug] [2026-08-03T03:35:33.771Z] Error: write EIO
    at afterWriteDispatched (node:internal/stream_base_commons:159:15)
    at writeGeneric (node:internal/stream_base_commons:150:3)
    at Socket._writeGeneric (node:net:1025:11)
    at Socket._write (node:net:1037:8)
    at writeOrBuffer (node:internal/streams/writable:570:12)
    at _write (node:internal/streams/writable:499:10)
    at Writable.write (node:internal/streams/writable:508:10)
    at Console.log (/home/aalexx/.local/lib/node_modules/firebase-tools/node_modules/winston/lib/winston/transports/console.js:87:23)
    at Console._write (/home/aalexx/.local/lib/node_modules/firebase-tools/node_modules/winston-transport/modern.js:103:17)
    at doWrite (/home/aalexx/.local/lib/node_modules/firebase-tools/node_modules/winston-transport/node_modules/readable-stream/lib/_stream_writable.js:390:139)
[error] 
[error] Error: An unexpected error has occurred.
[debug] [2026-08-03T03:35:33.771Z] Error: write EIO
    at afterWriteDispatched (node:internal/stream_base_commons:159:15)
    at writeGeneric (node:internal/stream_base_commons:150:3)
    at Socket._writeGeneric (node:net:1025:11)
    at Socket._write (node:net:1037:8)
    at writeOrBuffer (node:internal/streams/writable:570:12)
    at _write (node:internal/streams/writable:499:10)
    at Writable.write (node:internal/streams/writable:508:10)
    at Console.log (/home/aalexx/.local/lib/node_modules/firebase-tools/node_modules/winston/lib/winston/transports/console.js:87:23)
    at Console._write (/home/aalexx/.local/lib/node_modules/firebase-tools/node_modules/winston-transport/modern.js:103:17)
    at doWrite (/home/aalexx/.local/lib/node_modules/firebase-tools/node_modules/winston-transport/node_modules/readable-stream/lib/_stream_writable.js:390:139)
[error] 
[error] Error: An unexpected error has occurred.
[debug] [2026-08-03T03:35:33.772Z] Error: write EIO
    at afterWriteDispatched (node:internal/stream_base_commons:159:15)
    at writeGeneric (node:internal/stream_base_commons:150:3)
    at Socket._writeGeneric (node:net:1025:11)
    at Socket._write (node:net:1037:8)
    at writeOrBuffer (node:internal/streams/writable:570:12)
    at _write (node:internal/streams/writable:499:10)
    at Writable.write (node:internal/streams/writable:508:10)
    at Console.log (/home/aalexx/.local/lib/node_modules/firebase-tools/node_modules/winston/lib/winston/transports/console.js:87:23)
    at Console._write (/home/aalexx/.local/lib/node_modules/firebase-tools/node_modules/winston-transport/modern.js:103:17)
    at doWrite (/home/aalexx/.local/lib/node_modules/firebase-tools/node_modules/winston-transport/node_modules/readable-stream/lib/_stream_writable.js:390:139)
[error] 
[error] Error: An unexpected error has occurred.
[debug] [2026-08-03T03:35:33.772Z] Error: write EIO
    at afterWriteDispatched (node:internal/stream_base_commons:159:15)
    at writeGeneric (node:internal/stream_base_commons:150:3)
    at Socket._writeGeneric (node:net:1025:11)
    at Socket._write (node:net:1037:8)
    at writeOrBuffer (node:internal/streams/writable:570:12)
    at _write (node:internal/streams/writable:499:10)
    at Writable.write (node:internal/streams/writable:508:10)
    at Console.log (/home/aalexx/.local/lib/node_modules/firebase-tools/node_modules/winston/lib/winston/transports/console.js:87:23)
    at Console._write (/home/aalexx/.local/lib/node_modules/firebase-tools/node_modules/winston-transport/modern.js:103:17)
    at doWrite (/home/aalexx/.local/lib/node_modules/firebase-tools/node_modules/winston-transport/node_modules/readable-stream/lib/_stream_writable.js:390:139)
[error] 
[error] Error: An unexpected error has occurred.
[debug] [2026-08-03T03:35:33.772Z] Error: write EIO
    at afterWriteDispatched (node:internal/stream_base_commons:159:15)
    at writeGeneric (node:internal/stream_base_commons:150:3)
    at Socket._writeGeneric (node:net:1025:11)
    at Socket._write (node:net:1037:8)
    at writeOrBuffer (node:internal/streams/writable:570:12)
    at _write (node:internal/streams/writable:499:10)
    at Writable.write (node:internal/streams/writable:508:10)
    at Console.log (/home/aalexx/.local/lib/node_modules/firebase-tools/node_modules/winston/lib/winston/transports/console.js:87:23)
    at Console._write (/home/aalexx/.local/lib/node_modules/firebase-tools/node_modules/winston-transport/modern.js:103:17)
    at doWrite (/home/aalexx/.local/lib/node_modules/firebase-tools/node_modules/winston-transport/node_modules/readable-stream/lib/_stream_writable.js:390:139)
[error] 
[error] Error: An unexpected error has occurred.
[debug] [2026-08-03T03:35:33.773Z] Error: write EIO
    at afterWriteDispatched (node:internal/stream_base_commons:159:15)
    at writeGeneric (node:internal/stream_base_commons:150:3)
    at Socket._writeGeneric (node:net:1025:11)
    at Socket._write (node:net:1037:8)
    at writeOrBuffer (node:internal/streams/writable:570:12)
    at _write (node:internal/streams/writable:499:10)
    at Writable.write (node:internal/streams/writable:508:10)
    at Console.log (/home/aalexx/.local/lib/node_modules/firebase-tools/node_modules/winston/lib/winston/transports/console.js:87:23)
    at Console._write (/home/aalexx/.local/lib/node_modules/firebase-tools/node_modules/winston-transport/modern.js:103:17)
    at doWrite (/home/aalexx/.local/lib/node_modules/firebase-tools/node_modules/winston-transport/node_modules/readable-stream/lib/_stream_writable.js:390:139)
[error] 
[error] Error: An unexpected error has occurred.
[debug] [2026-08-03T03:35:33.773Z] Error: write EIO
    at afterWriteDispatched (node:internal/stream_base_commons:159:15)
    at writeGeneric (node:internal/stream_base_commons:150:3)
    at Socket._writeGeneric (node:net:1025:11)
    at Socket._write (node:net:1037:8)
    at writeOrBuffer (node:internal/streams/writable:570:12)
    at _write (node:internal/streams/writable:499:10)
    at Writable.write (node:internal/streams/writable:508:10)
    at Console.log (/home/aalexx/.local/lib/node_modules/firebase-tools/node_modules/winston/lib/winston/transports/console.js:87:23)
    at Console._write (/home/aalexx/.local/lib/node_modules/firebase-tools/node_modules/winston-transport/modern.js:103:17)
    at doWrite (/home/aalexx/.local/lib/node_modules/firebase-tools/node_modules/winston-transport/node_modules/readable-stream/lib/_stream_writable.js:390:139)
[error] 
[error] Error: An unexpected error has occurred.
[debug] [2026-08-03T03:35:33.774Z] Error: write EIO
    at afterWriteDispatched (node:internal/stream_base_commons:159:15)
    at writeGeneric (node:internal/stream_base_commons:150:3)
    at Socket._writeGeneric (node:net:1025:11)
    at Socket._write (node:net:1037:8)
    at writeOrBuffer (node:internal/streams/writable:570:12)
    at _write (node:internal/streams/writable:499:10)
    at Writable.write (node:internal/streams/writable:508:10)
    at Console.log (/home/aalexx/.local/lib/node_modules/firebase-tools/node_modules/winston/lib/winston/transports/console.js:87:23)
    at Console._write (/home/aalexx/.local/lib/node_modules/firebase-tools/node_modules/winston-transport/modern.js:103:17)
    at doWrite (/home/aalexx/.local/lib/node_modules/firebase-tools/node_modules/winston-transport/node_modules/readable-stream/lib/_stream_writable.js:390:139)
[error] 
[error] Error: An unexpected error has occurred.
[debug] [2026-08-03T03:35:33.774Z] Error: write EIO
    at afterWriteDispatched (node:internal/stream_base_commons:159:15)
    at writeGeneric (node:internal/stream_base_commons:150:3)
    at Socket._writeGeneric (node:net:1025:11)
    at Socket._write (node:net:1037:8)
    at writeOrBuffer (node:internal/streams/writable:570:12)
    at _write (node:internal/streams/writable:499:10)
    at Writable.write (node:internal/streams/writable:508:10)
    at Console.log (/home/aalexx/.local/lib/node_modules/firebase-tools/node_modules/winston/lib/winston/transports/console.js:87:23)
    at Console._write (/home/aalexx/.local/lib/node_modules/firebase-tools/node_modules/winston-transport/modern.js:103:17)
    at doWrite (/home/aalexx/.local/lib/node_modules/firebase-tools/node_modules/winston-transport/node_modules/readable-stream/lib/_stream_writable.js:390:139)
[error] 
[error] Error: An unexpected error has occurred.
[debug] [2026-08-03T03:35:33.775Z] Error: write EIO
    at afterWriteDispatched (node:internal/stream_base_commons:159:15)
    at writeGeneric (node:internal/stream_base_commons:150:3)
    at Socket._writeGeneric (node:net:1025:11)
    at Socket._write (node:net:1037:8)
    at writeOrBuffer (node:internal/streams/writable:570:12)
    at _write (node:internal/streams/writable:499:10)
    at Writable.write (node:internal/streams/writable:508:10)
    at Console.log (/home/aalexx/.local/lib/node_modules/firebase-tools/node_modules/winston/lib/winston/transports/console.js:87:23)
    at Console._write (/home/aalexx/.local/lib/node_modules/firebase-tools/node_modules/winston-transport/modern.js:103:17)
    at doWrite (/home/aalexx/.local/lib/node_modules/firebase-tools/node_modules/winston-transport/node_modules/readable-stream/lib/_stream_writable.js:390:139)
[error] 
[error] Error: An unexpected error has occurred.
[debug] [2026-08-03T03:35:33.775Z] Error: write EIO
    at afterWriteDispatched (node:internal/stream_base_commons:159:15)
    at writeGeneric (node:internal/stream_base_commons:150:3)
    at Socket._writeGeneric (node:net:1025:11)
    at Socket._write (node:net:1037:8)
    at writeOrBuffer (node:internal/streams/writable:570:12)
    at _write (node:internal/streams/writable:499:10)
    at Writable.write (node:internal/streams/writable:508:10)
    at Console.log (/home/aalexx/.local/lib/node_modules/firebase-tools/node_modules/winston/lib/winston/transports/console.js:87:23)
    at Console._write (/home/aalexx/.local/lib/node_modules/firebase-tools/node_modules/winston-transport/modern.js:103:17)
    at doWrite (/home/aalexx/.local/lib/node_modules/firebase-tools/node_modules/winston-transport/node_modules/readable-stream/lib/_stream_writable.js:390:139)
[error] 
[error] Error: An unexpected error has occurred.
[debug] [2026-08-03T03:35:33.775Z] Error: write EIO
    at afterWriteDispatched (node:internal/stream_base_commons:159:15)
    at writeGeneric (node:internal/stream_base_commons:150:3)
    at Socket._writeGeneric (node:net:1025:11)
    at Socket._write (node:net:1037:8)
    at writeOrBuffer (node:internal/streams/writable:570:12)
    at _write (node:internal/streams/writable:499:10)
    at Writable.write (node:internal/streams/writable:508:10)
    at Console.log (/home/aalexx/.local/lib/node_modules/firebase-tools/node_modules/winston/lib/winston/transports/console.js:87:23)
    at Console._write (/home/aalexx/.local/lib/node_modules/firebase-tools/node_modules/winston-transport/modern.js:103:17)
    at doWrite (/home/aalexx/.local/lib/node_modules/firebase-tools/node_modules/winston-transport/node_modules/readable-stream/lib/_stream_writable.js:390:139)
[error] 
[error] Error: An unexpected error has occurred.
[debug] [2026-08-03T03:35:33.776Z] Error: write EIO
    at afterWriteDispatched (node:internal/stream_base_commons:159:15)
    at writeGeneric (node:internal/stream_base_commons:150:3)
    at Socket._writeGeneric (node:net:1025:11)
    at Socket._write (node:net:1037:8)
    at writeOrBuffer (node:internal/streams/writable:570:12)
    at _write (node:internal/streams/writable:499:10)
    at Writable.write (node:internal/streams/writable:508:10)
    at Console.log (/home/aalexx/.local/lib/node_modules/firebase-tools/node_modules/winston/lib/winston/transports/console.js:87:23)
    at Console._write (/home/aalexx/.local/lib/node_modules/firebase-tools/node_modules/winston-transport/modern.js:103:17)
    at doWrite (/home/aalexx/.local/lib/node_modules/firebase-tools/node_modules/winston-transport/node_modules/readable-stream/lib/_stream_writable.js:390:139)
[error] 
[error] Error: An unexpected error has occurred.
[debug] [2026-08-03T03:35:33.776Z] Error: write EIO
    at afterWriteDispatched (node:internal/stream_base_commons:159:15)
    at writeGeneric (node:internal/stream_base_commons:150:3)
    at Socket._writeGeneric (node:net:1025:11)
    at Socket._write (node:net:1037:8)
    at writeOrBuffer (node:internal/streams/writable:570:12)
    at _write (node:internal/streams/writable:499:10)
    at Writable.write (node:internal/streams/writable:508:10)
    at Console.log (/home/aalexx/.local/lib/node_modules/firebase-tools/node_modules/winston/lib/winston/transports/console.js:87:23)
    at Console._write (/home/aalexx/.local/lib/node_modules/firebase-tools/node_modules/winston-transport/modern.js:103:17)
    at doWrite (/home/aalexx/.local/lib/node_modules/firebase-tools/node_modules/winston-transport/node_modules/readable-stream/lib/_stream_writable.js:390:139)
[error] 
[error] Error: An unexpected error has occurred.
[debug] [2026-08-03T03:35:33.776Z] Error: write EIO
    at afterWriteDispatched (node:internal/stream_base_commons:159:15)
    at writeGeneric (node:internal/stream_base_commons:150:3)
    at Socket._writeGeneric (node:net:1025:11)
    at Socket._write (node:net:1037:8)
    at writeOrBuffer (node:internal/streams/writable:570:12)
    at _write (node:internal/streams/writable:499:10)
    at Writable.write (node:internal/streams/writable:508:10)
    at Console.log (/home/aalexx/.local/lib/node_modules/firebase-tools/node_modules/winston/lib/winston/transports/console.js:87:23)
    at Console._write (/home/aalexx/.local/lib/node_modules/firebase-tools/node_modules/winston-transport/modern.js:103:17)
    at doWrite (/home/aalexx/.local/lib/node_modules/firebase-tools/node_modules/winston-transport/node_modules/readable-stream/lib/_stream_writable.js:390:139)
[error] 
[error] Error: An unexpected error has occurred.
[debug] [2026-08-03T03:35:33.777Z] Error: write EIO
    at afterWriteDispatched (node:internal/stream_base_commons:159:15)
    at writeGeneric (node:internal/stream_base_commons:150:3)
    at Socket._writeGeneric (node:net:1025:11)
    at Socket._write (node:net:1037:8)
    at writeOrBuffer (node:internal/streams/writable:570:12)
    at _write (node:internal/streams/writable:499:10)
    at Writable.write (node:internal/streams/writable:508:10)
    at Console.log (/home/aalexx/.local/lib/node_modules/firebase-tools/node_modules/winston/lib/winston/transports/console.js:87:23)
    at Console._write (/home/aalexx/.local/lib/node_modules/firebase-tools/node_modules/winston-transport/modern.js:103:17)
    at doWrite (/home/aalexx/.local/lib/node_modules/firebase-tools/node_modules/winston-transport/node_modules/readable-stream/lib/_stream_writable.js:390:139)
[error] 
[error] Error: An unexpected error has occurred.
[debug] [2026-08-03T03:35:33.778Z] Error: write EIO
    at afterWriteDispatched (node:internal/stream_base_commons:159:15)
    at writeGeneric (node:internal/stream_base_commons:150:3)
    at Socket._writeGeneric (node:net:1025:11)
    at Socket._write (node:net:1037:8)
    at writeOrBuffer (node:internal/streams/writable:570:12)
    at _write (node:internal/streams/writable:499:10)
    at Writable.write (node:internal/streams/writable:508:10)
    at Console.log (/home/aalexx/.local/lib/node_modules/firebase-tools/node_modules/winston/lib/winston/transports/console.js:87:23)
    at Console._write (/home/aalexx/.local/lib/node_modules/firebase-tools/node_modules/winston-transport/modern.js:103:17)
    at doWrite (/home/aalexx/.local/lib/node_modules/firebase-tools/node_modules/winston-transport/node_modules/readable-stream/lib/_stream_writable.js:390:139)
[error] 
[error] Error: An unexpected error has occurred.
[debug] [2026-08-03T03:35:33.778Z] Error: write EIO
    at afterWriteDispatched (node:internal/stream_base_commons:159:15)
    at writeGeneric (node:internal/stream_base_commons:150:3)
    at Socket._writeGeneric (node:net:1025:11)
    at Socket._write (node:net:1037:8)
    at writeOrBuffer (node:internal/streams/writable:570:12)
    at _write (node:internal/streams/writable:499:10)
    at Writable.write (node:internal/streams/writable:508:10)
    at Console.log (/home/aalexx/.local/lib/node_modules/firebase-tools/node_modules/winston/lib/winston/transports/console.js:87:23)
    at Console._write (/home/aalexx/.local/lib/node_modules/firebase-tools/node_modules/winston-transport/modern.js:103:17)
    at doWrite (/home/aalexx/.local/lib/node_modules/firebase-tools/node_modules/winston-transport/node_modules/readable-stream/lib/_stream_writable.js:390:139)
[error] 
[error] Error: An unexpected error has occurred.
[debug] [2026-08-03T03:35:33.778Z] Error: write EIO
    at afterWriteDispatched (node:internal/stream_base_commons:159:15)
    at writeGeneric (node:internal/stream_base_commons:150:3)
    at Socket._writeGeneric (node:net:1025:11)
    at Socket._write (node:net:1037:8)
    at writeOrBuffer (node:internal/streams/writable:570:12)
    at _write (node:internal/streams/writable:499:10)
    at Writable.write (node:internal/streams/writable:508:10)
    at Console.log (/home/aalexx/.local/lib/node_modules/firebase-tools/node_modules/winston/lib/winston/transports/console.js:87:23)
    at Console._write (/home/aalexx/.local/lib/node_modules/firebase-tools/node_modules/winston-transport/modern.js:103:17)
    at doWrite (/home/aalexx/.local/lib/node_modules/firebase-tools/node_modules/winston-transport/node_modules/readable-stream/lib/_stream_writable.js:390:139)
[error] 
[error] Error: An unexpected error has occurred.
[debug] [2026-08-03T03:35:33.779Z] Error: write EIO
    at afterWriteDispatched (node:internal/stream_base_commons:159:15)
    at writeGeneric (node:internal/stream_base_commons:150:3)
    at Socket._writeGeneric (node:net:1025:11)
    at Socket._write (node:net:1037:8)
    at writeOrBuffer (node:internal/streams/writable:570:12)
    at _write (node:internal/streams/writable:499:10)
    at Writable.write (node:internal/streams/writable:508:10)
    at Console.log (/home/aalexx/.local/lib/node_modules/firebase-tools/node_modules/winston/lib/winston/transports/console.js:87:23)
    at Console._write (/home/aalexx/.local/lib/node_modules/firebase-tools/node_modules/winston-transport/modern.js:103:17)
    at doWrite (/home/aalexx/.local/lib/node_modules/firebase-tools/node_modules/winston-transport/node_modules/readable-stream/lib/_stream_writable.js:390:139)
[error] 
[error] Error: An unexpected error has occurred.
[debug] [2026-08-03T03:35:33.779Z] Error: write EIO
    at afterWriteDispatched (node:internal/stream_base_commons:159:15)
    at writeGeneric (node:internal/stream_base_commons:150:3)
    at Socket._writeGeneric (node:net:1025:11)
    at Socket._write (node:net:1037:8)
    at writeOrBuffer (node:internal/streams/writable:570:12)
    at _write (node:internal/streams/writable:499:10)
    at Writable.write (node:internal/streams/writable:508:10)
    at Console.log (/home/aalexx/.local/lib/node_modules/firebase-tools/node_modules/winston/lib/winston/transports/console.js:87:23)
    at Console._write (/home/aalexx/.local/lib/node_modules/firebase-tools/node_modules/winston-transport/modern.js:103:17)
    at doWrite (/home/aalexx/.local/lib/node_modules/firebase-tools/node_modules/winston-transport/node_modules/readable-stream/lib/_stream_writable.js:390:139)
[error] 
[error] Error: An unexpected error has occurred.
[debug] [2026-08-03T03:35:33.779Z] Error: write EIO
    at afterWriteDispatched (node:internal/stream_base_commons:159:15)
    at writeGeneric (node:internal/stream_base_commons:150:3)
    at Socket._writeGeneric (node:net:1025:11)
    at Socket._write (node:net:1037:8)
    at writeOrBuffer (node:internal/streams/writable:570:12)
    at _write (node:internal/streams/writable:499:10)
    at Writable.write (node:internal/streams/writable:508:10)
    at Console.log (/home/aalexx/.local/lib/node_modules/firebase-tools/node_modules/winston/lib/winston/transports/console.js:87:23)
    at Console._write (/home/aalexx/.local/lib/node_modules/firebase-tools/node_modules/winston-transport/modern.js:103:17)
    at doWrite (/home/aalexx/.local/lib/node_modules/firebase-tools/node_modules/winston-transport/node_modules/readable-stream/lib/_stream_writable.js:390:139)
[error] 
[error] Error: An unexpected error has occurred.
[debug] [2026-08-03T03:35:33.780Z] Error: write EIO
    at afterWriteDispatched (node:internal/stream_base_commons:159:15)
    at writeGeneric (node:internal/stream_base_commons:150:3)
    at Socket._writeGeneric (node:net:1025:11)
    at Socket._write (node:net:1037:8)
    at writeOrBuffer (node:internal/streams/writable:570:12)
    at _write (node:internal/streams/writable:499:10)
    at Writable.write (node:internal/streams/writable:508:10)
    at Console.log (/home/aalexx/.local/lib/node_modules/firebase-tools/node_modules/winston/lib/winston/transports/console.js:87:23)
    at Console._write (/home/aalexx/.local/lib/node_modules/firebase-tools/node_modules/winston-transport/modern.js:103:17)
    at doWrite (/home/aalexx/.local/lib/node_modules/firebase-tools/node_modules/winston-transport/node_modules/readable-stream/lib/_stream_writable.js:390:139)
[error] 
[error] Error: An unexpected error has occurred.
[debug] [2026-08-03T03:35:33.780Z] Error: write EIO
    at afterWriteDispatched (node:internal/stream_base_commons:159:15)
    at writeGeneric (node:internal/stream_base_commons:150:3)
    at Socket._writeGeneric (node:net:1025:11)
    at Socket._write (node:net:1037:8)
    at writeOrBuffer (node:internal/streams/writable:570:12)
    at _write (node:internal/streams/writable:499:10)
    at Writable.write (node:internal/streams/writable:508:10)
    at Console.log (/home/aalexx/.local/lib/node_modules/firebase-tools/node_modules/winston/lib/winston/transports/console.js:87:23)
    at Console._write (/home/aalexx/.local/lib/node_modules/firebase-tools/node_modules/winston-transport/modern.js:103:17)
    at doWrite (/home/aalexx/.local/lib/node_modules/firebase-tools/node_modules/winston-transport/node_modules/readable-stream/lib/_stream_writable.js:390:139)
[error] 
[error] Error: An unexpected error has occurred.
[debug] [2026-08-03T03:35:33.780Z] Error: write EIO
    at afterWriteDispatched (node:internal/stream_base_commons:159:15)
    at writeGeneric (node:internal/stream_base_commons:150:3)
    at Socket._writeGeneric (node:net:1025:11)
    at Socket._write (node:net:1037:8)
    at writeOrBuffer (node:internal/streams/writable:570:12)
    at _write (node:internal/streams/writable:499:10)
    at Writable.write (node:internal/streams/writable:508:10)
    at Console.log (/home/aalexx/.local/lib/node_modules/firebase-tools/node_modules/winston/lib/winston/transports/console.js:87:23)
    at Console._write (/home/aalexx/.local/lib/node_modules/firebase-tools/node_modules/winston-transport/modern.js:103:17)
    at doWrite (/home/aalexx/.local/lib/node_modules/firebase-tools/node_modules/winston-transport/node_modules/readable-stream/lib/_stream_writable.js:390:139)
[error] 
[error] Error: An unexpected error has occurred.
[debug] [2026-08-03T03:35:33.781Z] Error: write EIO
    at afterWriteDispatched (node:internal/stream_base_commons:159:15)
    at writeGeneric (node:internal/stream_base_commons:150:3)
    at Socket._writeGeneric (node:net:1025:11)
    at Socket._write (node:net:1037:8)
    at writeOrBuffer (node:internal/streams/writable:570:12)
    at _write (node:internal/streams/writable:499:10)
    at Writable.write (node:internal/streams/writable:508:10)
    at Console.log (/home/aalexx/.local/lib/node_modules/firebase-tools/node_modules/winston/lib/winston/transports/console.js:87:23)
    at Console._write (/home/aalexx/.local/lib/node_modules/firebase-tools/node_modules/winston-transport/modern.js:103:17)
    at doWrite (/home/aalexx/.local/lib/node_modules/firebase-tools/node_modules/winston-transport/node_modules/readable-stream/lib/_stream_writable.js:390:139)
[error] 
[error] Error: An unexpected error has occurred.
[debug] [2026-08-03T03:35:33.781Z] Error: write EIO
    at afterWriteDispatched (node:internal/stream_base_commons:159:15)
    at writeGeneric (node:internal/stream_base_commons:150:3)
    at Socket._writeGeneric (node:net:1025:11)
    at Socket._write (node:net:1037:8)
    at writeOrBuffer (node:internal/streams/writable:570:12)
    at _write (node:internal/streams/writable:499:10)
    at Writable.write (node:internal/streams/writable:508:10)
    at Console.log (/home/aalexx/.local/lib/node_modules/firebase-tools/node_modules/winston/lib/winston/transports/console.js:87:23)
    at Console._write (/home/aalexx/.local/lib/node_modules/firebase-tools/node_modules/winston-transport/modern.js:103:17)
    at doWrite (/home/aalexx/.local/lib/node_modules/firebase-tools/node_modules/winston-transport/node_modules/readable-stream/lib/_stream_writable.js:390:139)
[error] 
[error] Error: An unexpected error has occurred.
[debug] [2026-08-03T03:35:33.781Z] Error: write EIO
    at afterWriteDispatched (node:internal/stream_base_commons:159:15)
    at writeGeneric (node:internal/stream_base_commons:150:3)
    at Socket._writeGeneric (node:net:1025:11)
    at Socket._write (node:net:1037:8)
    at writeOrBuffer (node:internal/streams/writable:570:12)
    at _write (node:internal/streams/writable:499:10)
    at Writable.write (node:internal/streams/writable:508:10)
    at Console.log (/home/aalexx/.local/lib/node_modules/firebase-tools/node_modules/winston/lib/winston/transports/console.js:87:23)
    at Console._write (/home/aalexx/.local/lib/node_modules/firebase-tools/node_modules/winston-transport/modern.js:103:17)
    at doWrite (/home/aalexx/.local/lib/node_modules/firebase-tools/node_modules/winston-transport/node_modules/readable-stream/lib/_stream_writable.js:390:139)
[error] 
[error] Error: An unexpected error has occurred.
[debug] [2026-08-03T03:35:33.782Z] Error: write EIO
    at afterWriteDispatched (node:internal/stream_base_commons:159:15)
    at writeGeneric (node:internal/stream_base_commons:150:3)
    at Socket._writeGeneric (node:net:1025:11)
    at Socket._write (node:net:1037:8)
    at writeOrBuffer (node:internal/streams/writable:570:12)
    at _write (node:internal/streams/writable:499:10)
    at Writable.write (node:internal/streams/writable:508:10)
    at Console.log (/home/aalexx/.local/lib/node_modules/firebase-tools/node_modules/winston/lib/winston/transports/console.js:87:23)
    at Console._write (/home/aalexx/.local/lib/node_modules/firebase-tools/node_modules/winston-transport/modern.js:103:17)
    at doWrite (/home/aalexx/.local/lib/node_modules/firebase-tools/node_modules/winston-transport/node_modules/readable-stream/lib/_stream_writable.js:390:139)
[error] 
[error] Error: An unexpected error has occurred.
[debug] [2026-08-03T03:35:33.782Z] Error: write EIO
    at afterWriteDispatched (node:internal/stream_base_commons:159:15)
    at writeGeneric (node:internal/stream_base_commons:150:3)
    at Socket._writeGeneric (node:net:1025:11)
    at Socket._write (node:net:1037:8)
    at writeOrBuffer (node:internal/streams/writable:570:12)
    at _write (node:internal/streams/writable:499:10)
    at Writable.write (node:internal/streams/writable:508:10)
    at Console.log (/home/aalexx/.local/lib/node_modules/firebase-tools/node_modules/winston/lib/winston/transports/console.js:87:23)
    at Console._write (/home/aalexx/.local/lib/node_modules/firebase-tools/node_modules/winston-transport/modern.js:103:17)
    at doWrite (/home/aalexx/.local/lib/node_modules/firebase-tools/node_modules/winston-transport/node_modules/readable-stream/lib/_stream_writable.js:390:139)
[error] 
[error] Error: An unexpected error has occurred.
[debug] [2026-08-03T03:35:33.782Z] Error: write EIO
    at afterWriteDispatched (node:internal/stream_base_commons:159:15)
    at writeGeneric (node:internal/stream_base_commons:150:3)
    at Socket._writeGeneric (node:net:1025:11)
    at Socket._write (node:net:1037:8)
    at writeOrBuffer (node:internal/streams/writable:570:12)
    at _write (node:internal/streams/writable:499:10)
    at Writable.write (node:internal/streams/writable:508:10)
    at Console.log (/home/aalexx/.local/lib/node_modules/firebase-tools/node_modules/winston/lib/winston/transports/console.js:87:23)
    at Console._write (/home/aalexx/.local/lib/node_modules/firebase-tools/node_modules/winston-transport/modern.js:103:17)
    at doWrite (/home/aalexx/.local/lib/node_modules/firebase-tools/node_modules/winston-transport/node_modules/readable-stream/lib/_stream_writable.js:390:139)
[error] 
[error] Error: An unexpected error has occurred.
[debug] [2026-08-03T03:35:33.783Z] Error: write EIO
    at afterWriteDispatched (node:internal/stream_base_commons:159:15)
    at writeGeneric (node:internal/stream_base_commons:150:3)
    at Socket._writeGeneric (node:net:1025:11)
    at Socket._write (node:net:1037:8)
    at writeOrBuffer (node:internal/streams/writable:570:12)
    at _write (node:internal/streams/writable:499:10)
    at Writable.write (node:internal/streams/writable:508:10)
    at Console.log (/home/aalexx/.local/lib/node_modules/firebase-tools/node_modules/winston/lib/winston/transports/console.js:87:23)
    at Console._write (/home/aalexx/.local/lib/node_modules/firebase-tools/node_modules/winston-transport/modern.js:103:17)
    at doWrite (/home/aalexx/.local/lib/node_modules/firebase-tools/node_modules/winston-transport/node_modules/readable-stream/lib/_stream_writable.js:390:139)
[error] 
[error] Error: An unexpected error has occurred.
[debug] [2026-08-03T03:35:33.783Z] Error: write EIO
    at afterWriteDispatched (node:internal/stream_base_commons:159:15)
    at writeGeneric (node:internal/stream_base_commons:150:3)
    at Socket._writeGeneric (node:net:1025:11)
    at Socket._write (node:net:1037:8)
    at writeOrBuffer (node:internal/streams/writable:570:12)
    at _write (node:internal/streams/writable:499:10)
    at Writable.write (node:internal/streams/writable:508:10)
    at Console.log (/home/aalexx/.local/lib/node_modules/firebase-tools/node_modules/winston/lib/winston/transports/console.js:87:23)
    at Console._write (/home/aalexx/.local/lib/node_modules/firebase-tools/node_modules/winston-transport/modern.js:103:17)
    at doWrite (/home/aalexx/.local/lib/node_modules/firebase-tools/node_modules/winston-transport/node_modules/readable-stream/lib/_stream_writable.js:390:139)
[error] 
[error] Error: An unexpected error has occurred.
[debug] [2026-08-03T03:35:33.783Z] Error: write EIO
    at afterWriteDispatched (node:internal/stream_base_commons:159:15)
    at writeGeneric (node:internal/stream_base_commons:150:3)
    at Socket._writeGeneric (node:net:1025:11)
    at Socket._write (node:net:1037:8)
    at writeOrBuffer (node:internal/streams/writable:570:12)
    at _write (node:internal/streams/writable:499:10)
    at Writable.write (node:internal/streams/writable:508:10)
    at Console.log (/home/aalexx/.local/lib/node_modules/firebase-tools/node_modules/winston/lib/winston/transports/console.js:87:23)
    at Console._write (/home/aalexx/.local/lib/node_modules/firebase-tools/node_modules/winston-transport/modern.js:103:17)
    at doWrite (/home/aalexx/.local/lib/node_modules/firebase-tools/node_modules/winston-transport/node_modules/readable-stream/lib/_stream_writable.js:390:139)
[error] 
[error] Error: An unexpected error has occurred.
[debug] [2026-08-03T03:35:33.784Z] Error: write EIO
    at afterWriteDispatched (node:internal/stream_base_commons:159:15)
    at writeGeneric (node:internal/stream_base_commons:150:3)
    at Socket._writeGeneric (node:net:1025:11)
    at Socket._write (node:net:1037:8)
    at writeOrBuffer (node:internal/streams/writable:570:12)
    at _write (node:internal/streams/writable:499:10)
    at Writable.write (node:internal/streams/writable:508:10)
    at Console.log (/home/aalexx/.local/lib/node_modules/firebase-tools/node_modules/winston/lib/winston/transports/console.js:87:23)
    at Console._write (/home/aalexx/.local/lib/node_modules/firebase-tools/node_modules/winston-transport/modern.js:103:17)
    at doWrite (/home/aalexx/.local/lib/node_modules/firebase-tools/node_modules/winston-transport/node_modules/readable-stream/lib/_stream_writable.js:390:139)
[error] 
[error] Error: An unexpected error has occurred.
[debug] [2026-08-03T03:35:33.784Z] Error: write EIO
    at afterWriteDispatched (node:internal/stream_base_commons:159:15)
    at writeGeneric (node:internal/stream_base_commons:150:3)
    at Socket._writeGeneric (node:net:1025:11)
    at Socket._write (node:net:1037:8)
    at writeOrBuffer (node:internal/streams/writable:570:12)
    at _write (node:internal/streams/writable:499:10)
    at Writable.write (node:internal/streams/writable:508:10)
    at Console.log (/home/aalexx/.local/lib/node_modules/firebase-tools/node_modules/winston/lib/winston/transports/console.js:87:23)
    at Console._write (/home/aalexx/.local/lib/node_modules/firebase-tools/node_modules/winston-transport/modern.js:103:17)
    at doWrite (/home/aalexx/.local/lib/node_modules/firebase-tools/node_modules/winston-transport/node_modules/readable-stream/lib/_stream_writable.js:390:139)
[error] 
[error] Error: An unexpected error has occurred.
[debug] [2026-08-03T03:35:33.784Z] Error: write EIO
    at afterWriteDispatched (node:internal/stream_base_commons:159:15)
    at writeGeneric (node:internal/stream_base_commons:150:3)
    at Socket._writeGeneric (node:net:1025:11)
    at Socket._write (node:net:1037:8)
    at writeOrBuffer (node:internal/streams/writable:570:12)
    at _write (node:internal/streams/writable:499:10)
    at Writable.write (node:internal/streams/writable:508:10)
    at Console.log (/home/aalexx/.local/lib/node_modules/firebase-tools/node_modules/winston/lib/winston/transports/console.js:87:23)
    at Console._write (/home/aalexx/.local/lib/node_modules/firebase-tools/node_modules/winston-transport/modern.js:103:17)
    at doWrite (/home/aalexx/.local/lib/node_modules/firebase-tools/node_modules/winston-transport/node_modules/readable-stream/lib/_stream_writable.js:390:139)
[error] 
[error] Error: An unexpected error has occurred.
[debug] [2026-08-03T03:35:33.785Z] Error: write EIO
    at afterWriteDispatched (node:internal/stream_base_commons:159:15)
    at writeGeneric (node:internal/stream_base_commons:150:3)
    at Socket._writeGeneric (node:net:1025:11)
    at Socket._write (node:net:1037:8)
    at writeOrBuffer (node:internal/streams/writable:570:12)
    at _write (node:internal/streams/writable:499:10)
    at Writable.write (node:internal/streams/writable:508:10)
    at Console.log (/home/aalexx/.local/lib/node_modules/firebase-tools/node_modules/winston/lib/winston/transports/console.js:87:23)
    at Console._write (/home/aalexx/.local/lib/node_modules/firebase-tools/node_modules/winston-transport/modern.js:103:17)
    at doWrite (/home/aalexx/.local/lib/node_modules/firebase-tools/node_modules/winston-transport/node_modules/readable-stream/lib/_stream_writable.js:390:139)
[error] 
[error] Error: An unexpected error has occurred.
[debug] [2026-08-03T03:35:33.785Z] Error: write EIO
    at afterWriteDispatched (node:internal/stream_base_commons:159:15)
    at writeGeneric (node:internal/stream_base_commons:150:3)
    at Socket._writeGeneric (node:net:1025:11)
    at Socket._write (node:net:1037:8)
    at writeOrBuffer (node:internal/streams/writable:570:12)
    at _write (node:internal/streams/writable:499:10)
    at Writable.write (node:internal/streams/writable:508:10)
    at Console.log (/home/aalexx/.local/lib/node_modules/firebase-tools/node_modules/winston/lib/winston/transports/console.js:87:23)
    at Console._write (/home/aalexx/.local/lib/node_modules/firebase-tools/node_modules/winston-transport/modern.js:103:17)
    at doWrite (/home/aalexx/.local/lib/node_modules/firebase-tools/node_modules/winston-transport/node_modules/readable-stream/lib/_stream_writable.js:390:139)
[error] 
[error] Error: An unexpected error has occurred.
[debug] [2026-08-03T03:35:33.785Z] Error: write EIO
    at afterWriteDispatched (node:internal/stream_base_commons:159:15)
    at writeGeneric (node:internal/stream_base_commons:150:3)
    at Socket._writeGeneric (node:net:1025:11)
    at Socket._write (node:net:1037:8)
    at writeOrBuffer (node:internal/streams/writable:570:12)
    at _write (node:internal/streams/writable:499:10)
    at Writable.write (node:internal/streams/writable:508:10)
    at Console.log (/home/aalexx/.local/lib/node_modules/firebase-tools/node_modules/winston/lib/winston/transports/console.js:87:23)
    at Console._write (/home/aalexx/.local/lib/node_modules/firebase-tools/node_modules/winston-transport/modern.js:103:17)
    at doWrite (/home/aalexx/.local/lib/node_modules/firebase-tools/node_modules/winston-transport/node_modules/readable-stream/lib/_stream_writable.js:390:139)
[error] 
[error] Error: An unexpected error has occurred.
[debug] [2026-08-03T03:35:33.787Z] Error: write EIO
    at afterWriteDispatched (node:internal/stream_base_commons:159:15)
    at writeGeneric (node:internal/stream_base_commons:150:3)
    at Socket._writeGeneric (node:net:1025:11)
    at Socket._write (node:net:1037:8)
    at writeOrBuffer (node:internal/streams/writable:570:12)
    at _write (node:internal/streams/writable:499:10)
    at Writable.write (node:internal/streams/writable:508:10)
    at Console.log (/home/aalexx/.local/lib/node_modules/firebase-tools/node_modules/winston/lib/winston/transports/console.js:87:23)
    at Console._write (/home/aalexx/.local/lib/node_modules/firebase-tools/node_modules/winston-transport/modern.js:103:17)
    at doWrite (/home/aalexx/.local/lib/node_modules/firebase-tools/node_modules/winston-transport/node_modules/readable-stream/lib/_stream_writable.js:390:139)
[error] 
[error] Error: An unexpected error has occurred.
[debug] [2026-08-03T03:35:33.788Z] Error: write EIO
    at afterWriteDispatched (node:internal/stream_base_commons:159:15)
    at writeGeneric (node:internal/stream_base_commons:150:3)
    at Socket._writeGeneric (node:net:1025:11)
    at Socket._write (node:net:1037:8)
    at writeOrBuffer (node:internal/streams/writable:570:12)
    at _write (node:internal/streams/writable:499:10)
    at Writable.write (node:internal/streams/writable:508:10)
    at Console.log (/home/aalexx/.local/lib/node_modules/firebase-tools/node_modules/winston/lib/winston/transports/console.js:87:23)
    at Console._write (/home/aalexx/.local/lib/node_modules/firebase-tools/node_modules/winston-transport/modern.js:103:17)
    at doWrite (/home/aalexx/.local/lib/node_modules/firebase-tools/node_modules/winston-transport/node_modules/readable-stream/lib/_stream_writable.js:390:139)
[error] 
[error] Error: An unexpected error has occurred.
[debug] [2026-08-03T03:35:33.788Z] Error: write EIO
    at afterWriteDispatched (node:internal/stream_base_commons:159:15)
    at writeGeneric (node:internal/stream_base_commons:150:3)
    at Socket._writeGeneric (node:net:1025:11)
    at Socket._write (node:net:1037:8)
    at writeOrBuffer (node:internal/streams/writable:570:12)
    at _write (node:internal/streams/writable:499:10)
    at Writable.write (node:internal/streams/writable:508:10)
    at Console.log (/home/aalexx/.local/lib/node_modules/firebase-tools/node_modules/winston/lib/winston/transports/console.js:87:23)
    at Console._write (/home/aalexx/.local/lib/node_modules/firebase-tools/node_modules/winston-transport/modern.js:103:17)
    at doWrite (/home/aalexx/.local/lib/node_modules/firebase-tools/node_modules/winston-transport/node_modules/readable-stream/lib/_stream_writable.js:390:139)
[error] 
[error] Error: An unexpected error has occurred.
[debug] [2026-08-03T03:35:33.789Z] Error: write EIO
    at afterWriteDispatched (node:internal/stream_base_commons:159:15)
    at writeGeneric (node:internal/stream_base_commons:150:3)
    at Socket._writeGeneric (node:net:1025:11)
    at Socket._write (node:net:1037:8)
    at writeOrBuffer (node:internal/streams/writable:570:12)
    at _write (node:internal/streams/writable:499:10)
    at Writable.write (node:internal/streams/writable:508:10)
    at Console.log (/home/aalexx/.local/lib/node_modules/firebase-tools/node_modules/winston/lib/winston/transports/console.js:87:23)
    at Console._write (/home/aalexx/.local/lib/node_modules/firebase-tools/node_modules/winston-transport/modern.js:103:17)
    at doWrite (/home/aalexx/.local/lib/node_modules/firebase-tools/node_modules/winston-transport/node_modules/readable-stream/lib/_stream_writable.js:390:139)
[error] 
[error] Error: An unexpected error has occurred.
[debug] [2026-08-03T03:35:33.789Z] Error: write EIO
    at afterWriteDispatched (node:internal/stream_base_commons:159:15)
    at writeGeneric (node:internal/stream_base_commons:150:3)
    at Socket._writeGeneric (node:net:1025:11)
    at Socket._write (node:net:1037:8)
    at writeOrBuffer (node:internal/streams/writable:570:12)
    at _write (node:internal/streams/writable:499:10)
    at Writable.write (node:internal/streams/writable:508:10)
    at Console.log (/home/aalexx/.local/lib/node_modules/firebase-tools/node_modules/winston/lib/winston/transports/console.js:87:23)
    at Console._write (/home/aalexx/.local/lib/node_modules/firebase-tools/node_modules/winston-transport/modern.js:103:17)
    at doWrite (/home/aalexx/.local/lib/node_modules/firebase-tools/node_modules/winston-transport/node_modules/readable-stream/lib/_stream_writable.js:390:139)
[error] 
[error] Error: An unexpected error has occurred.
[debug] [2026-08-03T03:35:33.789Z] Error: write EIO
    at afterWriteDispatched (node:internal/stream_base_commons:159:15)
    at writeGeneric (node:internal/stream_base_commons:150:3)
    at Socket._writeGeneric (node:net:1025:11)
    at Socket._write (node:net:1037:8)
    at writeOrBuffer (node:internal/streams/writable:570:12)
    at _write (node:internal/streams/writable:499:10)
    at Writable.write (node:internal/streams/writable:508:10)
    at Console.log (/home/aalexx/.local/lib/node_modules/firebase-tools/node_modules/winston/lib/winston/transports/console.js:87:23)
    at Console._write (/home/aalexx/.local/lib/node_modules/firebase-tools/node_modules/winston-transport/modern.js:103:17)
    at doWrite (/home/aalexx/.local/lib/node_modules/firebase-tools/node_modules/winston-transport/node_modules/readable-stream/lib/_stream_writable.js:390:139)
[error] 
[error] Error: An unexpected error has occurred.
[debug] [2026-08-03T03:35:33.790Z] Error: write EIO
    at afterWriteDispatched (node:internal/stream_base_commons:159:15)
    at writeGeneric (node:internal/stream_base_commons:150:3)
    at Socket._writeGeneric (node:net:1025:11)
    at Socket._write (node:net:1037:8)
    at writeOrBuffer (node:internal/streams/writable:570:12)
    at _write (node:internal/streams/writable:499:10)
    at Writable.write (node:internal/streams/writable:508:10)
    at Console.log (/home/aalexx/.local/lib/node_modules/firebase-tools/node_modules/winston/lib/winston/transports/console.js:87:23)
    at Console._write (/home/aalexx/.local/lib/node_modules/firebase-tools/node_modules/winston-transport/modern.js:103:17)
    at doWrite (/home/aalexx/.local/lib/node_modules/firebase-tools/node_modules/winston-transport/node_modules/readable-stream/lib/_stream_writable.js:390:139)
[error] 
[error] Error: An unexpected error has occurred.
[debug] [2026-08-03T03:35:33.790Z] Error: write EIO
    at afterWriteDispatched (node:internal/stream_base_commons:159:15)
    at writeGeneric (node:internal/stream_base_commons:150:3)
    at Socket._writeGeneric (node:net:1025:11)
    at Socket._write (node:net:1037:8)
    at writeOrBuffer (node:internal/streams/writable:570:12)
    at _write (node:internal/streams/writable:499:10)
    at Writable.write (node:internal/streams/writable:508:10)
    at Console.log (/home/aalexx/.local/lib/node_modules/firebase-tools/node_modules/winston/lib/winston/transports/console.js:87:23)
    at Console._write (/home/aalexx/.local/lib/node_modules/firebase-tools/node_modules/winston-transport/modern.js:103:17)
    at doWrite (/home/aalexx/.local/lib/node_modules/firebase-tools/node_modules/winston-transport/node_modules/readable-stream/lib/_stream_writable.js:390:139)
[error] 
[error] Error: An unexpected error has occurred.
[debug] [2026-08-03T03:35:33.790Z] Error: write EIO
    at afterWriteDispatched (node:internal/stream_base_commons:159:15)
    at writeGeneric (node:internal/stream_base_commons:150:3)
    at Socket._writeGeneric (node:net:1025:11)
    at Socket._write (node:net:1037:8)
    at writeOrBuffer (node:internal/streams/writable:570:12)
    at _write (node:internal/streams/writable:499:10)
    at Writable.write (node:internal/streams/writable:508:10)
    at Console.log (/home/aalexx/.local/lib/node_modules/firebase-tools/node_modules/winston/lib/winston/transports/console.js:87:23)
    at Console._write (/home/aalexx/.local/lib/node_modules/firebase-tools/node_modules/winston-transport/modern.js:103:17)
    at doWrite (/home/aalexx/.local/lib/node_modules/firebase-tools/node_modules/winston-transport/node_modules/readable-stream/lib/_stream_writable.js:390:139)
[error] 
[error] Error: An unexpected error has occurred.
[debug] [2026-08-03T03:35:33.791Z] Error: write EIO
    at afterWriteDispatched (node:internal/stream_base_commons:159:15)
    at writeGeneric (node:internal/stream_base_commons:150:3)
    at Socket._writeGeneric (node:net:1025:11)
    at Socket._write (node:net:1037:8)
    at writeOrBuffer (node:internal/streams/writable:570:12)
    at _write (node:internal/streams/writable:499:10)
    at Writable.write (node:internal/streams/writable:508:10)
    at Console.log (/home/aalexx/.local/lib/node_modules/firebase-tools/node_modules/winston/lib/winston/transports/console.js:87:23)
    at Console._write (/home/aalexx/.local/lib/node_modules/firebase-tools/node_modules/winston-transport/modern.js:103:17)
    at doWrite (/home/aalexx/.local/lib/node_modules/firebase-tools/node_modules/winston-transport/node_modules/readable-stream/lib/_stream_writable.js:390:139)
[error] 
[error] Error: An unexpected error has occurred.
[debug] [2026-08-03T03:35:33.791Z] Error: write EIO
    at afterWriteDispatched (node:internal/stream_base_commons:159:15)
    at writeGeneric (node:internal/stream_base_commons:150:3)
    at Socket._writeGeneric (node:net:1025:11)
    at Socket._write (node:net:1037:8)
    at writeOrBuffer (node:internal/streams/writable:570:12)
    at _write (node:internal/streams/writable:499:10)
    at Writable.write (node:internal/streams/writable:508:10)
    at Console.log (/home/aalexx/.local/lib/node_modules/firebase-tools/node_modules/winston/lib/winston/transports/console.js:87:23)
    at Console._write (/home/aalexx/.local/lib/node_modules/firebase-tools/node_modules/winston-transport/modern.js:103:17)
    at doWrite (/home/aalexx/.local/lib/node_modules/firebase-tools/node_modules/winston-transport/node_modules/readable-stream/lib/_stream_writable.js:390:139)
[error] 
[error] Error: An unexpected error has occurred.
[debug] [2026-08-03T03:35:33.791Z] Error: write EIO
    at afterWriteDispatched (node:internal/stream_base_commons:159:15)
    at writeGeneric (node:internal/stream_base_commons:150:3)
    at Socket._writeGeneric (node:net:1025:11)
    at Socket._write (node:net:1037:8)
    at writeOrBuffer (node:internal/streams/writable:570:12)
    at _write (node:internal/streams/writable:499:10)
    at Writable.write (node:internal/streams/writable:508:10)
    at Console.log (/home/aalexx/.local/lib/node_modules/firebase-tools/node_modules/winston/lib/winston/transports/console.js:87:23)
    at Console._write (/home/aalexx/.local/lib/node_modules/firebase-tools/node_modules/winston-transport/modern.js:103:17)
    at doWrite (/home/aalexx/.local/lib/node_modules/firebase-tools/node_modules/winston-transport/node_modules/readable-stream/lib/_stream_writable.js:390:139)
[error] 
[error] Error: An unexpected error has occurred.
[debug] [2026-08-03T03:35:33.792Z] Error: write EIO
    at afterWriteDispatched (node:internal/stream_base_commons:159:15)
    at writeGeneric (node:internal/stream_base_commons:150:3)
    at Socket._writeGeneric (node:net:1025:11)
    at Socket._write (node:net:1037:8)
    at writeOrBuffer (node:internal/streams/writable:570:12)
    at _write (node:internal/streams/writable:499:10)
    at Writable.write (node:internal/streams/writable:508:10)
    at Console.log (/home/aalexx/.local/lib/node_modules/firebase-tools/node_modules/winston/lib/winston/transports/console.js:87:23)
    at Console._write (/home/aalexx/.local/lib/node_modules/firebase-tools/node_modules/winston-transport/modern.js:103:17)
    at doWrite (/home/aalexx/.local/lib/node_modules/firebase-tools/node_modules/winston-transport/node_modules/readable-stream/lib/_stream_writable.js:390:139)
[error] 
[error] Error: An unexpected error has occurred.
[debug] [2026-08-03T03:35:33.792Z] Error: write EIO
    at afterWriteDispatched (node:internal/stream_base_commons:159:15)
    at writeGeneric (node:internal/stream_base_commons:150:3)
    at Socket._writeGeneric (node:net:1025:11)
    at Socket._write (node:net:1037:8)
    at writeOrBuffer (node:internal/streams/writable:570:12)
    at _write (node:internal/streams/writable:499:10)
    at Writable.write (node:internal/streams/writable:508:10)
    at Console.log (/home/aalexx/.local/lib/node_modules/firebase-tools/node_modules/winston/lib/winston/transports/console.js:87:23)
    at Console._write (/home/aalexx/.local/lib/node_modules/firebase-tools/node_modules/winston-transport/modern.js:103:17)
    at doWrite (/home/aalexx/.local/lib/node_modules/firebase-tools/node_modules/winston-transport/node_modules/readable-stream/lib/_stream_writable.js:390:139)
[error] 
[error] Error: An unexpected error has occurred.
[debug] [2026-08-03T03:35:33.792Z] Error: write EIO
    at afterWriteDispatched (node:internal/stream_base_commons:159:15)
    at writeGeneric (node:internal/stream_base_commons:150:3)
    at Socket._writeGeneric (node:net:1025:11)
    at Socket._write (node:net:1037:8)
    at writeOrBuffer (node:internal/streams/writable:570:12)
    at _write (node:internal/streams/writable:499:10)
    at Writable.write (node:internal/streams/writable:508:10)
    at Console.log (/home/aalexx/.local/lib/node_modules/firebase-tools/node_modules/winston/lib/winston/transports/console.js:87:23)
    at Console._write (/home/aalexx/.local/lib/node_modules/firebase-tools/node_modules/winston-transport/modern.js:103:17)
    at doWrite (/home/aalexx/.local/lib/node_modules/firebase-tools/node_modules/winston-transport/node_modules/readable-stream/lib/_stream_writable.js:390:139)
[error] 
[error] Error: An unexpected error has occurred.
[debug] [2026-08-03T03:35:33.793Z] Error: write EIO
    at afterWriteDispatched (node:internal/stream_base_commons:159:15)
    at writeGeneric (node:internal/stream_base_commons:150:3)
    at Socket._writeGeneric (node:net:1025:11)
    at Socket._write (node:net:1037:8)
    at writeOrBuffer (node:internal/streams/writable:570:12)
    at _write (node:internal/streams/writable:499:10)
    at Writable.write (node:internal/streams/writable:508:10)
    at Console.log (/home/aalexx/.local/lib/node_modules/firebase-tools/node_modules/winston/lib/winston/transports/console.js:87:23)
    at Console._write (/home/aalexx/.local/lib/node_modules/firebase-tools/node_modules/winston-transport/modern.js:103:17)
    at doWrite (/home/aalexx/.local/lib/node_modules/firebase-tools/node_modules/winston-transport/node_modules/readable-stream/lib/_stream_writable.js:390:139)
[error] 
[error] Error: An unexpected error has occurred.
[debug] [2026-08-03T03:35:33.793Z] Error: write EIO
    at afterWriteDispatched (node:internal/stream_base_commons:159:15)
    at writeGeneric (node:internal/stream_base_commons:150:3)
    at Socket._writeGeneric (node:net:1025:11)
    at Socket._write (node:net:1037:8)
    at writeOrBuffer (node:internal/streams/writable:570:12)
    at _write (node:internal/streams/writable:499:10)
    at Writable.write (node:internal/streams/writable:508:10)
    at Console.log (/home/aalexx/.local/lib/node_modules/firebase-tools/node_modules/winston/lib/winston/transports/console.js:87:23)
    at Console._write (/home/aalexx/.local/lib/node_modules/firebase-tools/node_modules/winston-transport/modern.js:103:17)
    at doWrite (/home/aalexx/.local/lib/node_modules/firebase-tools/node_modules/winston-transport/node_modules/readable-stream/lib/_stream_writable.js:390:139)
[error] 
[error] Error: An unexpected error has occurred.
[debug] [2026-08-03T03:35:33.793Z] Error: write EIO
    at afterWriteDispatched (node:internal/stream_base_commons:159:15)
    at writeGeneric (node:internal/stream_base_commons:150:3)
    at Socket._writeGeneric (node:net:1025:11)
    at Socket._write (node:net:1037:8)
    at writeOrBuffer (node:internal/streams/writable:570:12)
    at _write (node:internal/streams/writable:499:10)
    at Writable.write (node:internal/streams/writable:508:10)
    at Console.log (/home/aalexx/.local/lib/node_modules/firebase-tools/node_modules/winston/lib/winston/transports/console.js:87:23)
    at Console._write (/home/aalexx/.local/lib/node_modules/firebase-tools/node_modules/winston-transport/modern.js:103:17)
    at doWrite (/home/aalexx/.local/lib/node_modules/firebase-tools/node_modules/winston-transport/node_modules/readable-stream/lib/_stream_writable.js:390:139)
[error] 
[error] Error: An unexpected error has occurred.
[debug] [2026-08-03T03:35:33.794Z] Error: write EIO
    at afterWriteDispatched (node:internal/stream_base_commons:159:15)
    at writeGeneric (node:internal/stream_base_commons:150:3)
    at Socket._writeGeneric (node:net:1025:11)
    at Socket._write (node:net:1037:8)
    at writeOrBuffer (node:internal/streams/writable:570:12)
    at _write (node:internal/streams/writable:499:10)
    at Writable.write (node:internal/streams/writable:508:10)
    at Console.log (/home/aalexx/.local/lib/node_modules/firebase-tools/node_modules/winston/lib/winston/transports/console.js:87:23)
    at Console._write (/home/aalexx/.local/lib/node_modules/firebase-tools/node_modules/winston-transport/modern.js:103:17)
    at doWrite (/home/aalexx/.local/lib/node_modules/firebase-tools/node_modules/winston-transport/node_modules/readable-stream/lib/_stream_writable.js:390:139)
[error] 
[error] Error: An unexpected error has occurred.
[debug] [2026-08-03T03:35:33.794Z] Error: write EIO
    at afterWriteDispatched (node:internal/stream_base_commons:159:15)
    at writeGeneric (node:internal/stream_base_commons:150:3)
    at Socket._writeGeneric (node:net:1025:11)
    at Socket._write (node:net:1037:8)
    at writeOrBuffer (node:internal/streams/writable:570:12)
    at _write (node:internal/streams/writable:499:10)
    at Writable.write (node:internal/streams/writable:508:10)
    at Console.log (/home/aalexx/.local/lib/node_modules/firebase-tools/node_modules/winston/lib/winston/transports/console.js:87:23)
    at Console._write (/home/aalexx/.local/lib/node_modules/firebase-tools/node_modules/winston-transport/modern.js:103:17)
    at doWrite (/home/aalexx/.local/lib/node_modules/firebase-tools/node_modules/winston-transport/node_modules/readable-stream/lib/_stream_writable.js:390:139)
[error] 
[error] Error: An unexpected error has occurred.
[debug] [2026-08-03T03:35:33.794Z] Error: write EIO
    at afterWriteDispatched (node:internal/stream_base_commons:159:15)
    at writeGeneric (node:internal/stream_base_commons:150:3)
    at Socket._writeGeneric (node:net:1025:11)
    at Socket._write (node:net:1037:8)
    at writeOrBuffer (node:internal/streams/writable:570:12)
    at _write (node:internal/streams/writable:499:10)
    at Writable.write (node:internal/streams/writable:508:10)
    at Console.log (/home/aalexx/.local/lib/node_modules/firebase-tools/node_modules/winston/lib/winston/transports/console.js:87:23)
    at Console._write (/home/aalexx/.local/lib/node_modules/firebase-tools/node_modules/winston-transport/modern.js:103:17)
    at doWrite (/home/aalexx/.local/lib/node_modules/firebase-tools/node_modules/winston-transport/node_modules/readable-stream/lib/_stream_writable.js:390:139)
[error] 
[error] Error: An unexpected error has occurred.
[debug] [2026-08-03T03:35:33.795Z] Error: write EIO
    at afterWriteDispatched (node:internal/stream_base_commons:159:15)
    at writeGeneric (node:internal/stream_base_commons:150:3)
    at Socket._writeGeneric (node:net:1025:11)
    at Socket._write (node:net:1037:8)
    at writeOrBuffer (node:internal/streams/writable:570:12)
    at _write (node:internal/streams/writable:499:10)
    at Writable.write (node:internal/streams/writable:508:10)
    at Console.log (/home/aalexx/.local/lib/node_modules/firebase-tools/node_modules/winston/lib/winston/transports/console.js:87:23)
    at Console._write (/home/aalexx/.local/lib/node_modules/firebase-tools/node_modules/winston-transport/modern.js:103:17)
    at doWrite (/home/aalexx/.local/lib/node_modules/firebase-tools/node_modules/winston-transport/node_modules/readable-stream/lib/_stream_writable.js:390:139)
[error] 
[error] Error: An unexpected error has occurred.
[debug] [2026-08-03T03:35:33.795Z] Error: write EIO
    at afterWriteDispatched (node:internal/stream_base_commons:159:15)
    at writeGeneric (node:internal/stream_base_commons:150:3)
    at Socket._writeGeneric (node:net:1025:11)
    at Socket._write (node:net:1037:8)
    at writeOrBuffer (node:internal/streams/writable:570:12)
    at _write (node:internal/streams/writable:499:10)
    at Writable.write (node:internal/streams/writable:508:10)
    at Console.log (/home/aalexx/.local/lib/node_modules/firebase-tools/node_modules/winston/lib/winston/transports/console.js:87:23)
    at Console._write (/home/aalexx/.local/lib/node_modules/firebase-tools/node_modules/winston-transport/modern.js:103:17)
    at doWrite (/home/aalexx/.local/lib/node_modules/firebase-tools/node_modules/winston-transport/node_modules/readable-stream/lib/_stream_writable.js:390:139)
[error] 
[error] Error: An unexpected error has occurred.
[debug] [2026-08-03T03:35:33.795Z] Error: write EIO
    at afterWriteDispatched (node:internal/stream_base_commons:159:15)
    at writeGeneric (node:internal/stream_base_commons:150:3)
    at Socket._writeGeneric (node:net:1025:11)
    at Socket._write (node:net:1037:8)
    at writeOrBuffer (node:internal/streams/writable:570:12)
    at _write (node:internal/streams/writable:499:10)
    at Writable.write (node:internal/streams/writable:508:10)
    at Console.log (/home/aalexx/.local/lib/node_modules/firebase-tools/node_modules/winston/lib/winston/transports/console.js:87:23)
    at Console._write (/home/aalexx/.local/lib/node_modules/firebase-tools/node_modules/winston-transport/modern.js:103:17)
    at doWrite (/home/aalexx/.local/lib/node_modules/firebase-tools/node_modules/winston-transport/node_modules/readable-stream/lib/_stream_writable.js:390:139)
[error] 
[error] Error: An unexpected error has occurred.
[debug] [2026-08-03T03:35:33.796Z] Error: write EIO
    at afterWriteDispatched (node:internal/stream_base_commons:159:15)
    at writeGeneric (node:internal/stream_base_commons:150:3)
    at Socket._writeGeneric (node:net:1025:11)
    at Socket._write (node:net:1037:8)
    at writeOrBuffer (node:internal/streams/writable:570:12)
    at _write (node:internal/streams/writable:499:10)
    at Writable.write (node:internal/streams/writable:508:10)
    at Console.log (/home/aalexx/.local/lib/node_modules/firebase-tools/node_modules/winston/lib/winston/transports/console.js:87:23)
    at Console._write (/home/aalexx/.local/lib/node_modules/firebase-tools/node_modules/winston-transport/modern.js:103:17)
    at doWrite (/home/aalexx/.local/lib/node_modules/firebase-tools/node_modules/winston-transport/node_modules/readable-stream/lib/_stream_writable.js:390:139)
[error] 
[error] Error: An unexpected error has occurred.
[debug] [2026-08-03T03:35:33.796Z] Error: write EIO
    at afterWriteDispatched (node:internal/stream_base_commons:159:15)
    at writeGeneric (node:internal/stream_base_commons:150:3)
    at Socket._writeGeneric (node:net:1025:11)
    at Socket._write (node:net:1037:8)
    at writeOrBuffer (node:internal/streams/writable:570:12)
    at _write (node:internal/streams/writable:499:10)
    at Writable.write (node:internal/streams/writable:508:10)
    at Console.log (/home/aalexx/.local/lib/node_modules/firebase-tools/node_modules/winston/lib/winston/transports/console.js:87:23)
    at Console._write (/home/aalexx/.local/lib/node_modules/firebase-tools/node_modules/winston-transport/modern.js:103:17)
    at doWrite (/home/aalexx/.local/lib/node_modules/firebase-tools/node_modules/winston-transport/node_modules/readable-stream/lib/_stream_writable.js:390:139)
[error] 
[error] Error: An unexpected error has occurred.
[debug] [2026-08-03T03:35:33.797Z] Error: write EIO
    at afterWriteDispatched (node:internal/stream_base_commons:159:15)
    at writeGeneric (node:internal/stream_base_commons:150:3)
    at Socket._writeGeneric (node:net:1025:11)
    at Socket._write (node:net:1037:8)
    at writeOrBuffer (node:internal/streams/writable:570:12)
    at _write (node:internal/streams/writable:499:10)
    at Writable.write (node:internal/streams/writable:508:10)
    at Console.log (/home/aalexx/.local/lib/node_modules/firebase-tools/node_modules/winston/lib/winston/transports/console.js:87:23)
    at Console._write (/home/aalexx/.local/lib/node_modules/firebase-tools/node_modules/winston-transport/modern.js:103:17)
    at doWrite (/home/aalexx/.local/lib/node_modules/firebase-tools/node_modules/winston-transport/node_modules/readable-stream/lib/_stream_writable.js:390:139)
[error] 
[error] Error: An unexpected error has occurred.
[debug] [2026-08-03T03:35:33.797Z] Error: write EIO
    at afterWriteDispatched (node:internal/stream_base_commons:159:15)
    at writeGeneric (node:internal/stream_base_commons:150:3)
    at Socket._writeGeneric (node:net:1025:11)
    at Socket._write (node:net:1037:8)
    at writeOrBuffer (node:internal/streams/writable:570:12)
    at _write (node:internal/streams/writable:499:10)
    at Writable.write (node:internal/streams/writable:508:10)
    at Console.log (/home/aalexx/.local/lib/node_modules/firebase-tools/node_modules/winston/lib/winston/transports/console.js:87:23)
    at Console._write (/home/aalexx/.local/lib/node_modules/firebase-tools/node_modules/winston-transport/modern.js:103:17)
    at doWrite (/home/aalexx/.local/lib/node_modules/firebase-tools/node_modules/winston-transport/node_modules/readable-stream/lib/_stream_writable.js:390:139)
[error] 
[error] Error: An unexpected error has occurred.
[debug] [2026-08-03T03:35:33.798Z] Error: write EIO
    at afterWriteDispatched (node:internal/stream_base_commons:159:15)
    at writeGeneric (node:internal/stream_base_commons:150:3)
    at Socket._writeGeneric (node:net:1025:11)
    at Socket._write (node:net:1037:8)
    at writeOrBuffer (node:internal/streams/writable:570:12)
    at _write (node:internal/streams/writable:499:10)
    at Writable.write (node:internal/streams/writable:508:10)
    at Console.log (/home/aalexx/.local/lib/node_modules/firebase-tools/node_modules/winston/lib/winston/transports/console.js:87:23)
    at Console._write (/home/aalexx/.local/lib/node_modules/firebase-tools/node_modules/winston-transport/modern.js:103:17)
    at doWrite (/home/aalexx/.local/lib/node_modules/firebase-tools/node_modules/winston-transport/node_modules/readable-stream/lib/_stream_writable.js:390:139)
[error] 
[error] Error: An unexpected error has occurred.
[debug] [2026-08-03T03:35:33.798Z] Error: write EIO
    at afterWriteDispatched (node:internal/stream_base_commons:159:15)
    at writeGeneric (node:internal/stream_base_commons:150:3)
    at Socket._writeGeneric (node:net:1025:11)
    at Socket._write (node:net:1037:8)
    at writeOrBuffer (node:internal/streams/writable:570:12)
    at _write (node:internal/streams/writable:499:10)
    at Writable.write (node:internal/streams/writable:508:10)
    at Console.log (/home/aalexx/.local/lib/node_modules/firebase-tools/node_modules/winston/lib/winston/transports/console.js:87:23)
    at Console._write (/home/aalexx/.local/lib/node_modules/firebase-tools/node_modules/winston-transport/modern.js:103:17)
    at doWrite (/home/aalexx/.local/lib/node_modules/firebase-tools/node_modules/winston-transport/node_modules/readable-stream/lib/_stream_writable.js:390:139)
[error] 
[error] Error: An unexpected error has occurred.
[debug] [2026-08-03T03:35:33.798Z] Error: write EIO
    at afterWriteDispatched (node:internal/stream_base_commons:159:15)
    at writeGeneric (node:internal/stream_base_commons:150:3)
    at Socket._writeGeneric (node:net:1025:11)
    at Socket._write (node:net:1037:8)
    at writeOrBuffer (node:internal/streams/writable:570:12)
    at _write (node:internal/streams/writable:499:10)
    at Writable.write (node:internal/streams/writable:508:10)
    at Console.log (/home/aalexx/.local/lib/node_modules/firebase-tools/node_modules/winston/lib/winston/transports/console.js:87:23)
    at Console._write (/home/aalexx/.local/lib/node_modules/firebase-tools/node_modules/winston-transport/modern.js:103:17)
    at doWrite (/home/aalexx/.local/lib/node_modules/firebase-tools/node_modules/winston-transport/node_modules/readable-stream/lib/_stream_writable.js:390:139)
[error] 
[error] Error: An unexpected error has occurred.
[debug] [2026-08-03T03:35:33.799Z] Error: write EIO
    at afterWriteDispatched (node:internal/stream_base_commons:159:15)
    at writeGeneric (node:internal/stream_base_commons:150:3)
    at Socket._writeGeneric (node:net:1025:11)
    at Socket._write (node:net:1037:8)
    at writeOrBuffer (node:internal/streams/writable:570:12)
    at _write (node:internal/streams/writable:499:10)
    at Writable.write (node:internal/streams/writable:508:10)
    at Console.log (/home/aalexx/.local/lib/node_modules/firebase-tools/node_modules/winston/lib/winston/transports/console.js:87:23)
    at Console._write (/home/aalexx/.local/lib/node_modules/firebase-tools/node_modules/winston-transport/modern.js:103:17)
    at doWrite (/home/aalexx/.local/lib/node_modules/firebase-tools/node_modules/winston-transport/node_modules/readable-stream/lib/_stream_writable.js:390:139)
[error] 
[error] Error: An unexpected error has occurred.
[debug] [2026-08-03T03:35:33.799Z] Error: write EIO
    at afterWriteDispatched (node:internal/stream_base_commons:159:15)
    at writeGeneric (node:internal/stream_base_commons:150:3)
    at Socket._writeGeneric (node:net:1025:11)
    at Socket._write (node:net:1037:8)
    at writeOrBuffer (node:internal/streams/writable:570:12)
    at _write (node:internal/streams/writable:499:10)
    at Writable.write (node:internal/streams/writable:508:10)
    at Console.log (/home/aalexx/.local/lib/node_modules/firebase-tools/node_modules/winston/lib/winston/transports/console.js:87:23)
    at Console._write (/home/aalexx/.local/lib/node_modules/firebase-tools/node_modules/winston-transport/modern.js:103:17)
    at doWrite (/home/aalexx/.local/lib/node_modules/firebase-tools/node_modules/winston-transport/node_modules/readable-stream/lib/_stream_writable.js:390:139)
[error] 
[error] Error: An unexpected error has occurred.
[debug] [2026-08-03T03:35:33.799Z] Error: write EIO
    at afterWriteDispatched (node:internal/stream_base_commons:159:15)
    at writeGeneric (node:internal/stream_base_commons:150:3)
    at Socket._writeGeneric (node:net:1025:11)
    at Socket._write (node:net:1037:8)
    at writeOrBuffer (node:internal/streams/writable:570:12)
    at _write (node:internal/streams/writable:499:10)
    at Writable.write (node:internal/streams/writable:508:10)
    at Console.log (/home/aalexx/.local/lib/node_modules/firebase-tools/node_modules/winston/lib/winston/transports/console.js:87:23)
    at Console._write (/home/aalexx/.local/lib/node_modules/firebase-tools/node_modules/winston-transport/modern.js:103:17)
    at doWrite (/home/aalexx/.local/lib/node_modules/firebase-tools/node_modules/winston-transport/node_modules/readable-stream/lib/_stream_writable.js:390:139)
[error] 
[error] Error: An unexpected error has occurred.
[debug] [2026-08-03T03:35:33.799Z] Error: write EIO
    at afterWriteDispatched (node:internal/stream_base_commons:159:15)
    at writeGeneric (node:internal/stream_base_commons:150:3)
    at Socket._writeGeneric (node:net:1025:11)
    at Socket._write (node:net:1037:8)
    at writeOrBuffer (node:internal/streams/writable:570:12)
    at _write (node:internal/streams/writable:499:10)
    at Writable.write (node:internal/streams/writable:508:10)
    at Console.log (/home/aalexx/.local/lib/node_modules/firebase-tools/node_modules/winston/lib/winston/transports/console.js:87:23)
    at Console._write (/home/aalexx/.local/lib/node_modules/firebase-tools/node_modules/winston-transport/modern.js:103:17)
    at doWrite (/home/aalexx/.local/lib/node_modules/firebase-tools/node_modules/winston-transport/node_modules/readable-stream/lib/_stream_writable.js:390:139)
[error] 
[error] Error: An unexpected error has occurred.
[debug] [2026-08-03T03:35:33.800Z] Error: write EIO
    at afterWriteDispatched (node:internal/stream_base_commons:159:15)
    at writeGeneric (node:internal/stream_base_commons:150:3)
    at Socket._writeGeneric (node:net:1025:11)
    at Socket._write (node:net:1037:8)
    at writeOrBuffer (node:internal/streams/writable:570:12)
    at _write (node:internal/streams/writable:499:10)
    at Writable.write (node:internal/streams/writable:508:10)
    at Console.log (/home/aalexx/.local/lib/node_modules/firebase-tools/node_modules/winston/lib/winston/transports/console.js:87:23)
    at Console._write (/home/aalexx/.local/lib/node_modules/firebase-tools/node_modules/winston-transport/modern.js:103:17)
    at doWrite (/home/aalexx/.local/lib/node_modules/firebase-tools/node_modules/winston-transport/node_modules/readable-stream/lib/_stream_writable.js:390:139)
[error] 
[error] Error: An unexpected error has occurred.
[debug] [2026-08-03T03:35:33.800Z] Error: write EIO
    at afterWriteDispatched (node:internal/stream_base_commons:159:15)
    at writeGeneric (node:internal/stream_base_commons:150:3)
    at Socket._writeGeneric (node:net:1025:11)
    at Socket._write (node:net:1037:8)
    at writeOrBuffer (node:internal/streams/writable:570:12)
    at _write (node:internal/streams/writable:499:10)
    at Writable.write (node:internal/streams/writable:508:10)
    at Console.log (/home/aalexx/.local/lib/node_modules/firebase-tools/node_modules/winston/lib/winston/transports/console.js:87:23)
    at Console._write (/home/aalexx/.local/lib/node_modules/firebase-tools/node_modules/winston-transport/modern.js:103:17)
    at doWrite (/home/aalexx/.local/lib/node_modules/firebase-tools/node_modules/winston-transport/node_modules/readable-stream/lib/_stream_writable.js:390:139)
[error] 
[error] Error: An unexpected error has occurred.
[debug] [2026-08-03T03:35:33.800Z] Error: write EIO
    at afterWriteDispatched (node:internal/stream_base_commons:159:15)
    at writeGeneric (node:internal/stream_base_commons:150:3)
    at Socket._writeGeneric (node:net:1025:11)
    at Socket._write (node:net:1037:8)
    at writeOrBuffer (node:internal/streams/writable:570:12)
    at _write (node:internal/streams/writable:499:10)
    at Writable.write (node:internal/streams/writable:508:10)
    at Console.log (/home/aalexx/.local/lib/node_modules/firebase-tools/node_modules/winston/lib/winston/transports/console.js:87:23)
    at Console._write (/home/aalexx/.local/lib/node_modules/firebase-tools/node_modules/winston-transport/modern.js:103:17)
    at doWrite (/home/aalexx/.local/lib/node_modules/firebase-tools/node_modules/winston-transport/node_modules/readable-stream/lib/_stream_writable.js:390:139)
[error] 
[error] Error: An unexpected error has occurred.
[debug] [2026-08-03T03:35:33.800Z] Error: write EIO
    at afterWriteDispatched (node:internal/stream_base_commons:159:15)
    at writeGeneric (node:internal/stream_base_commons:150:3)
    at Socket._writeGeneric (node:net:1025:11)
    at Socket._write (node:net:1037:8)
    at writeOrBuffer (node:internal/streams/writable:570:12)
    at _write (node:internal/streams/writable:499:10)
    at Writable.write (node:internal/streams/writable:508:10)
    at Console.log (/home/aalexx/.local/lib/node_modules/firebase-tools/node_modules/winston/lib/winston/transports/console.js:87:23)
    at Console._write (/home/aalexx/.local/lib/node_modules/firebase-tools/node_modules/winston-transport/modern.js:103:17)
    at doWrite (/home/aalexx/.local/lib/node_modules/firebase-tools/node_modules/winston-transport/node_modules/readable-stream/lib/_stream_writable.js:390:139)
[error] 
[error] Error: An unexpected error has occurred.
[debug] [2026-08-03T03:35:33.801Z] Error: write EIO
    at afterWriteDispatched (node:internal/stream_base_commons:159:15)
    at writeGeneric (node:internal/stream_base_commons:150:3)
    at Socket._writeGeneric (node:net:1025:11)
    at Socket._write (node:net:1037:8)
    at writeOrBuffer (node:internal/streams/writable:570:12)
    at _write (node:internal/streams/writable:499:10)
    at Writable.write (node:internal/streams/writable:508:10)
    at Console.log (/home/aalexx/.local/lib/node_modules/firebase-tools/node_modules/winston/lib/winston/transports/console.js:87:23)
    at Console._write (/home/aalexx/.local/lib/node_modules/firebase-tools/node_modules/winston-transport/modern.js:103:17)
    at doWrite (/home/aalexx/.local/lib/node_modules/firebase-tools/node_modules/winston-transport/node_modules/readable-stream/lib/_stream_writable.js:390:139)
[error] 
[error] Error: An unexpected error has occurred.
[debug] [2026-08-03T03:35:33.801Z] Error: write EIO
    at afterWriteDispatched (node:internal/stream_base_commons:159:15)
    at writeGeneric (node:internal/stream_base_commons:150:3)
    at Socket._writeGeneric (node:net:1025:11)
    at Socket._write (node:net:1037:8)
    at writeOrBuffer (node:internal/streams/writable:570:12)
    at _write (node:internal/streams/writable:499:10)
    at Writable.write (node:internal/streams/writable:508:10)
    at Console.log (/home/aalexx/.local/lib/node_modules/firebase-tools/node_modules/winston/lib/winston/transports/console.js:87:23)
    at Console._write (/home/aalexx/.local/lib/node_modules/firebase-tools/node_modules/winston-transport/modern.js:103:17)
    at doWrite (/home/aalexx/.local/lib/node_modules/firebase-tools/node_modules/winston-transport/node_modules/readable-stream/lib/_stream_writable.js:390:139)
[error] 
[error] Error: An unexpected error has occurred.
[info] i  emulators: Shutting down emulators. {"metadata":{"emulator":{"name":"hub"},"message":"Shutting down emulators."}}
[info] i  ui: Stopping Emulator UI {"metadata":{"emulator":{"name":"ui"},"message":"Stopping Emulator UI"}}
[info] i  functions: Stopping Functions Emulator {"metadata":{"emulator":{"name":"functions"},"message":"Stopping Functions Emulator"}}
[info] i  eventarc: Stopping Eventarc Emulator {"metadata":{"emulator":{"name":"eventarc"},"message":"Stopping Eventarc Emulator"}}
[info] i  tasks: Stopping Cloud Tasks Emulator {"metadata":{"emulator":{"name":"tasks"},"message":"Stopping Cloud Tasks Emulator"}}
[info] i  hub: Stopping emulator hub {"metadata":{"emulator":{"name":"hub"},"message":"Stopping emulator hub"}}
[info] i  logging: Stopping Logging Emulator {"metadata":{"emulator":{"name":"logging"},"message":"Stopping Logging Emulator"}}
[debug] [2026-08-03T03:35:33.805Z] Received signal SIGTERM 1
[info]  
[info] i  emulators: Received SIGTERM for the first time. Starting a clean shutdown. 
[info] i  emulators: Please wait for a clean shutdown or send the SIGTERM signal again to stop right now. 
[debug] [2026-08-03T03:35:33.805Z] Found emulator hub locator: {"version":"15.25.1","origins":["http://127.0.0.1:4400","http://[::1]:4400"],"pid":699245}
[debug] [2026-08-03T03:35:33.806Z] Delete emulator hub locator file: /tmp/hub-salinaka-ecommerce.json
[info] i  emulators: Shutting down emulators. {"metadata":{"emulator":{"name":"hub"},"message":"Shutting down emulators."}}
[debug] [2026-08-03T03:35:33.811Z] Error: write EIO
    at afterWriteDispatched (node:internal/stream_base_commons:159:15)
    at writeGeneric (node:internal/stream_base_commons:150:3)
    at Socket._writeGeneric (node:net:1025:11)
    at Socket._write (node:net:1037:8)
    at writeOrBuffer (node:internal/streams/writable:570:12)
    at _write (node:internal/streams/writable:499:10)
    at Writable.write (node:internal/streams/writable:508:10)
    at Console.log (/home/aalexx/.local/lib/node_modules/firebase-tools/node_modules/winston/lib/winston/transports/console.js:87:23)
    at Console._write (/home/aalexx/.local/lib/node_modules/firebase-tools/node_modules/winston-transport/modern.js:103:17)
    at doWrite (/home/aalexx/.local/lib/node_modules/firebase-tools/node_modules/winston-transport/node_modules/readable-stream/lib/_stream_writable.js:390:139)
[error] 
[error] Error: An unexpected error has occurred.
[debug] [2026-08-03T03:35:33.812Z] Error: write EIO
    at afterWriteDispatched (node:internal/stream_base_commons:159:15)
    at writeGeneric (node:internal/stream_base_commons:150:3)
    at Socket._writeGeneric (node:net:1025:11)
    at Socket._write (node:net:1037:8)
    at writeOrBuffer (node:internal/streams/writable:570:12)
    at _write (node:internal/streams/writable:499:10)
    at Writable.write (node:internal/streams/writable:508:10)
    at Console.log (/home/aalexx/.local/lib/node_modules/firebase-tools/node_modules/winston/lib/winston/transports/console.js:87:23)
    at Console._write (/home/aalexx/.local/lib/node_modules/firebase-tools/node_modules/winston-transport/modern.js:103:17)
    at doWrite (/home/aalexx/.local/lib/node_modules/firebase-tools/node_modules/winston-transport/node_modules/readable-stream/lib/_stream_writable.js:390:139)
[error] 
[error] Error: An unexpected error has occurred.
[debug] [2026-08-03T03:35:33.812Z] Error: write EIO
    at afterWriteDispatched (node:internal/stream_base_commons:159:15)
    at writeGeneric (node:internal/stream_base_commons:150:3)
    at Socket._writeGeneric (node:net:1025:11)
    at Socket._write (node:net:1037:8)
    at writeOrBuffer (node:internal/streams/writable:570:12)
    at _write (node:internal/streams/writable:499:10)
    at Writable.write (node:internal/streams/writable:508:10)
    at Console.log (/home/aalexx/.local/lib/node_modules/firebase-tools/node_modules/winston/lib/winston/transports/console.js:87:23)
    at Console._write (/home/aalexx/.local/lib/node_modules/firebase-tools/node_modules/winston-transport/modern.js:103:17)
    at doWrite (/home/aalexx/.local/lib/node_modules/firebase-tools/node_modules/winston-transport/node_modules/readable-stream/lib/_stream_writable.js:390:139)
[error] 
[error] Error: An unexpected error has occurred.
[debug] [2026-08-03T03:35:33.812Z] Error: write EIO
    at afterWriteDispatched (node:internal/stream_base_commons:159:15)
    at writeGeneric (node:internal/stream_base_commons:150:3)
    at Socket._writeGeneric (node:net:1025:11)
    at Socket._write (node:net:1037:8)
    at writeOrBuffer (node:internal/streams/writable:570:12)
    at _write (node:internal/streams/writable:499:10)
    at Writable.write (node:internal/streams/writable:508:10)
    at Console.log (/home/aalexx/.local/lib/node_modules/firebase-tools/node_modules/winston/lib/winston/transports/console.js:87:23)
    at Console._write (/home/aalexx/.local/lib/node_modules/firebase-tools/node_modules/winston-transport/modern.js:103:17)
    at doWrite (/home/aalexx/.local/lib/node_modules/firebase-tools/node_modules/winston-transport/node_modules/readable-stream/lib/_stream_writable.js:390:139)
[error] 
[error] Error: An unexpected error has occurred.
[debug] [2026-08-03T03:35:33.812Z] Error: write EIO
    at afterWriteDispatched (node:internal/stream_base_commons:159:15)
    at writeGeneric (node:internal/stream_base_commons:150:3)
    at Socket._writeGeneric (node:net:1025:11)
    at Socket._write (node:net:1037:8)
    at writeOrBuffer (node:internal/streams/writable:570:12)
    at _write (node:internal/streams/writable:499:10)
    at Writable.write (node:internal/streams/writable:508:10)
    at Console.log (/home/aalexx/.local/lib/node_modules/firebase-tools/node_modules/winston/lib/winston/transports/console.js:87:23)
    at Console._write (/home/aalexx/.local/lib/node_modules/firebase-tools/node_modules/winston-transport/modern.js:103:17)
    at doWrite (/home/aalexx/.local/lib/node_modules/firebase-tools/node_modules/winston-transport/node_modules/readable-stream/lib/_stream_writable.js:390:139)
[error] 
[error] Error: An unexpected error has occurred.
[debug] [2026-08-03T03:35:33.812Z] Error: write EIO
    at afterWriteDispatched (node:internal/stream_base_commons:159:15)
    at writeGeneric (node:internal/stream_base_commons:150:3)
    at Socket._writeGeneric (node:net:1025:11)
    at Socket._write (node:net:1037:8)
    at writeOrBuffer (node:internal/streams/writable:570:12)
    at _write (node:internal/streams/writable:499:10)
    at Writable.write (node:internal/streams/writable:508:10)
    at Console.log (/home/aalexx/.local/lib/node_modules/firebase-tools/node_modules/winston/lib/winston/transports/console.js:87:23)
    at Console._write (/home/aalexx/.local/lib/node_modules/firebase-tools/node_modules/winston-transport/modern.js:103:17)
    at doWrite (/home/aalexx/.local/lib/node_modules/firebase-tools/node_modules/winston-transport/node_modules/readable-stream/lib/_stream_writable.js:390:139)
[error] 
[error] Error: An unexpected error has occurred.
[debug] [2026-08-03T03:35:33.813Z] Error: write EIO
    at afterWriteDispatched (node:internal/stream_base_commons:159:15)
    at writeGeneric (node:internal/stream_base_commons:150:3)
    at Socket._writeGeneric (node:net:1025:11)
    at Socket._write (node:net:1037:8)
    at writeOrBuffer (node:internal/streams/writable:570:12)
    at _write (node:internal/streams/writable:499:10)
    at Writable.write (node:internal/streams/writable:508:10)
    at Console.log (/home/aalexx/.local/lib/node_modules/firebase-tools/node_modules/winston/lib/winston/transports/console.js:87:23)
    at Console._write (/home/aalexx/.local/lib/node_modules/firebase-tools/node_modules/winston-transport/modern.js:103:17)
    at doWrite (/home/aalexx/.local/lib/node_modules/firebase-tools/node_modules/winston-transport/node_modules/readable-stream/lib/_stream_writable.js:390:139)
[error] 
[error] Error: An unexpected error has occurred.
[debug] [2026-08-03T03:35:33.813Z] Error: write EIO
    at afterWriteDispatched (node:internal/stream_base_commons:159:15)
    at writeGeneric (node:internal/stream_base_commons:150:3)
    at Socket._writeGeneric (node:net:1025:11)
    at Socket._write (node:net:1037:8)
    at writeOrBuffer (node:internal/streams/writable:570:12)
    at _write (node:internal/streams/writable:499:10)
    at Writable.write (node:internal/streams/writable:508:10)
    at Console.log (/home/aalexx/.local/lib/node_modules/firebase-tools/node_modules/winston/lib/winston/transports/console.js:87:23)
    at Console._write (/home/aalexx/.local/lib/node_modules/firebase-tools/node_modules/winston-transport/modern.js:103:17)
    at doWrite (/home/aalexx/.local/lib/node_modules/firebase-tools/node_modules/winston-transport/node_modules/readable-stream/lib/_stream_writable.js:390:139)
[error] 
[error] Error: An unexpected error has occurred.
[debug] [2026-08-03T03:35:33.813Z] Error: write EIO
    at afterWriteDispatched (node:internal/stream_base_commons:159:15)
    at writeGeneric (node:internal/stream_base_commons:150:3)
    at Socket._writeGeneric (node:net:1025:11)
    at Socket._write (node:net:1037:8)
    at writeOrBuffer (node:internal/streams/writable:570:12)
    at _write (node:internal/streams/writable:499:10)
    at Writable.write (node:internal/streams/writable:508:10)
    at Console.log (/home/aalexx/.local/lib/node_modules/firebase-tools/node_modules/winston/lib/winston/transports/console.js:87:23)
    at Console._write (/home/aalexx/.local/lib/node_modules/firebase-tools/node_modules/winston-transport/modern.js:103:17)
    at doWrite (/home/aalexx/.local/lib/node_modules/firebase-tools/node_modules/winston-transport/node_modules/readable-stream/lib/_stream_writable.js:390:139)
[error] 
[error] Error: An unexpected error has occurred.
[debug] [2026-08-03T03:35:33.813Z] Error: write EIO
    at afterWriteDispatched (node:internal/stream_base_commons:159:15)
    at writeGeneric (node:internal/stream_base_commons:150:3)
    at Socket._writeGeneric (node:net:1025:11)
    at Socket._write (node:net:1037:8)
    at writeOrBuffer (node:internal/streams/writable:570:12)
    at _write (node:internal/streams/writable:499:10)
    at Writable.write (node:internal/streams/writable:508:10)
    at Console.log (/home/aalexx/.local/lib/node_modules/firebase-tools/node_modules/winston/lib/winston/transports/console.js:87:23)
    at Console._write (/home/aalexx/.local/lib/node_modules/firebase-tools/node_modules/winston-transport/modern.js:103:17)
    at doWrite (/home/aalexx/.local/lib/node_modules/firebase-tools/node_modules/winston-transport/node_modules/readable-stream/lib/_stream_writable.js:390:139)
[error] 
[error] Error: An unexpected error has occurred.
[debug] [2026-08-03T03:35:33.813Z] Error: write EIO
    at afterWriteDispatched (node:internal/stream_base_commons:159:15)
    at writeGeneric (node:internal/stream_base_commons:150:3)
    at Socket._writeGeneric (node:net:1025:11)
    at Socket._write (node:net:1037:8)
    at writeOrBuffer (node:internal/streams/writable:570:12)
    at _write (node:internal/streams/writable:499:10)
    at Writable.write (node:internal/streams/writable:508:10)
    at Console.log (/home/aalexx/.local/lib/node_modules/firebase-tools/node_modules/winston/lib/winston/transports/console.js:87:23)
    at Console._write (/home/aalexx/.local/lib/node_modules/firebase-tools/node_modules/winston-transport/modern.js:103:17)
    at doWrite (/home/aalexx/.local/lib/node_modules/firebase-tools/node_modules/winston-transport/node_modules/readable-stream/lib/_stream_writable.js:390:139)
[error] 
[error] Error: An unexpected error has occurred.
[debug] [2026-08-03T03:35:33.814Z] Error: write EIO
    at afterWriteDispatched (node:internal/stream_base_commons:159:15)
    at writeGeneric (node:internal/stream_base_commons:150:3)
    at Socket._writeGeneric (node:net:1025:11)
    at Socket._write (node:net:1037:8)
    at writeOrBuffer (node:internal/streams/writable:570:12)
    at _write (node:internal/streams/writable:499:10)
    at Writable.write (node:internal/streams/writable:508:10)
    at Console.log (/home/aalexx/.local/lib/node_modules/firebase-tools/node_modules/winston/lib/winston/transports/console.js:87:23)
    at Console._write (/home/aalexx/.local/lib/node_modules/firebase-tools/node_modules/winston-transport/modern.js:103:17)
    at doWrite (/home/aalexx/.local/lib/node_modules/firebase-tools/node_modules/winston-transport/node_modules/readable-stream/lib/_stream_writable.js:390:139)
[error] 
[error] Error: An unexpected error has occurred.
[debug] [2026-08-03T03:35:33.814Z] Error: write EIO
    at afterWriteDispatched (node:internal/stream_base_commons:159:15)
    at writeGeneric (node:internal/stream_base_commons:150:3)
    at Socket._writeGeneric (node:net:1025:11)
    at Socket._write (node:net:1037:8)
    at writeOrBuffer (node:internal/streams/writable:570:12)
    at _write (node:internal/streams/writable:499:10)
    at Writable.write (node:internal/streams/writable:508:10)
    at Console.log (/home/aalexx/.local/lib/node_modules/firebase-tools/node_modules/winston/lib/winston/transports/console.js:87:23)
    at Console._write (/home/aalexx/.local/lib/node_modules/firebase-tools/node_modules/winston-transport/modern.js:103:17)
    at doWrite (/home/aalexx/.local/lib/node_modules/firebase-tools/node_modules/winston-transport/node_modules/readable-stream/lib/_stream_writable.js:390:139)
[error] 
[error] Error: An unexpected error has occurred.
[debug] [2026-08-03T03:35:33.814Z] Error: write EIO
    at afterWriteDispatched (node:internal/stream_base_commons:159:15)
    at writeGeneric (node:internal/stream_base_commons:150:3)
    at Socket._writeGeneric (node:net:1025:11)
    at Socket._write (node:net:1037:8)
    at writeOrBuffer (node:internal/streams/writable:570:12)
    at _write (node:internal/streams/writable:499:10)
    at Writable.write (node:internal/streams/writable:508:10)
    at Console.log (/home/aalexx/.local/lib/node_modules/firebase-tools/node_modules/winston/lib/winston/transports/console.js:87:23)
    at Console._write (/home/aalexx/.local/lib/node_modules/firebase-tools/node_modules/winston-transport/modern.js:103:17)
    at doWrite (/home/aalexx/.local/lib/node_modules/firebase-tools/node_modules/winston-transport/node_modules/readable-stream/lib/_stream_writable.js:390:139)
[error] 
[error] Error: An unexpected error has occurred.
[debug] [2026-08-03T03:35:33.814Z] Error: write EIO
    at afterWriteDispatched (node:internal/stream_base_commons:159:15)
    at writeGeneric (node:internal/stream_base_commons:150:3)
    at Socket._writeGeneric (node:net:1025:11)
    at Socket._write (node:net:1037:8)
    at writeOrBuffer (node:internal/streams/writable:570:12)
    at _write (node:internal/streams/writable:499:10)
    at Writable.write (node:internal/streams/writable:508:10)
    at Console.log (/home/aalexx/.local/lib/node_modules/firebase-tools/node_modules/winston/lib/winston/transports/console.js:87:23)
    at Console._write (/home/aalexx/.local/lib/node_modules/firebase-tools/node_modules/winston-transport/modern.js:103:17)
    at doWrite (/home/aalexx/.local/lib/node_modules/firebase-tools/node_modules/winston-transport/node_modules/readable-stream/lib/_stream_writable.js:390:139)
[error] 
[error] Error: An unexpected error has occurred.
[debug] [2026-08-03T03:35:33.814Z] Error: write EIO
    at afterWriteDispatched (node:internal/stream_base_commons:159:15)
    at writeGeneric (node:internal/stream_base_commons:150:3)
    at Socket._writeGeneric (node:net:1025:11)
    at Socket._write (node:net:1037:8)
    at writeOrBuffer (node:internal/streams/writable:570:12)
    at _write (node:internal/streams/writable:499:10)
    at Writable.write (node:internal/streams/writable:508:10)
    at Console.log (/home/aalexx/.local/lib/node_modules/firebase-tools/node_modules/winston/lib/winston/transports/console.js:87:23)
    at Console._write (/home/aalexx/.local/lib/node_modules/firebase-tools/node_modules/winston-transport/modern.js:103:17)
    at doWrite (/home/aalexx/.local/lib/node_modules/firebase-tools/node_modules/winston-transport/node_modules/readable-stream/lib/_stream_writable.js:390:139)
[error] 
[error] Error: An unexpected error has occurred.
[debug] [2026-08-03T03:35:33.814Z] Error: write EIO
    at afterWriteDispatched (node:internal/stream_base_commons:159:15)
    at writeGeneric (node:internal/stream_base_commons:150:3)
    at Socket._writeGeneric (node:net:1025:11)
    at Socket._write (node:net:1037:8)
    at writeOrBuffer (node:internal/streams/writable:570:12)
    at _write (node:internal/streams/writable:499:10)
    at Writable.write (node:internal/streams/writable:508:10)
    at Console.log (/home/aalexx/.local/lib/node_modules/firebase-tools/node_modules/winston/lib/winston/transports/console.js:87:23)
    at Console._write (/home/aalexx/.local/lib/node_modules/firebase-tools/node_modules/winston-transport/modern.js:103:17)
    at doWrite (/home/aalexx/.local/lib/node_modules/firebase-tools/node_modules/winston-transport/node_modules/readable-stream/lib/_stream_writable.js:390:139)
[error] 
[error] Error: An unexpected error has occurred.
[debug] [2026-08-03T03:35:33.815Z] Error: write EIO
    at afterWriteDispatched (node:internal/stream_base_commons:159:15)
    at writeGeneric (node:internal/stream_base_commons:150:3)
    at Socket._writeGeneric (node:net:1025:11)
    at Socket._write (node:net:1037:8)
    at writeOrBuffer (node:internal/streams/writable:570:12)
    at _write (node:internal/streams/writable:499:10)
    at Writable.write (node:internal/streams/writable:508:10)
    at Console.log (/home/aalexx/.local/lib/node_modules/firebase-tools/node_modules/winston/lib/winston/transports/console.js:87:23)
    at Console._write (/home/aalexx/.local/lib/node_modules/firebase-tools/node_modules/winston-transport/modern.js:103:17)
    at doWrite (/home/aalexx/.local/lib/node_modules/firebase-tools/node_modules/winston-transport/node_modules/readable-stream/lib/_stream_writable.js:390:139)
[error] 
[error] Error: An unexpected error has occurred.
[debug] [2026-08-03T03:35:33.815Z] Error: write EIO
    at afterWriteDispatched (node:internal/stream_base_commons:159:15)
    at writeGeneric (node:internal/stream_base_commons:150:3)
    at Socket._writeGeneric (node:net:1025:11)
    at Socket._write (node:net:1037:8)
    at writeOrBuffer (node:internal/streams/writable:570:12)
    at _write (node:internal/streams/writable:499:10)
    at Writable.write (node:internal/streams/writable:508:10)
    at Console.log (/home/aalexx/.local/lib/node_modules/firebase-tools/node_modules/winston/lib/winston/transports/console.js:87:23)
    at Console._write (/home/aalexx/.local/lib/node_modules/firebase-tools/node_modules/winston-transport/modern.js:103:17)
    at doWrite (/home/aalexx/.local/lib/node_modules/firebase-tools/node_modules/winston-transport/node_modules/readable-stream/lib/_stream_writable.js:390:139)
[error] 
[error] Error: An unexpected error has occurred.
[debug] [2026-08-03T03:35:33.815Z] Error: write EIO
    at afterWriteDispatched (node:internal/stream_base_commons:159:15)
    at writeGeneric (node:internal/stream_base_commons:150:3)
    at Socket._writeGeneric (node:net:1025:11)
    at Socket._write (node:net:1037:8)
    at writeOrBuffer (node:internal/streams/writable:570:12)
    at _write (node:internal/streams/writable:499:10)
    at Writable.write (node:internal/streams/writable:508:10)
    at Console.log (/home/aalexx/.local/lib/node_modules/firebase-tools/node_modules/winston/lib/winston/transports/console.js:87:23)
    at Console._write (/home/aalexx/.local/lib/node_modules/firebase-tools/node_modules/winston-transport/modern.js:103:17)
    at doWrite (/home/aalexx/.local/lib/node_modules/firebase-tools/node_modules/winston-transport/node_modules/readable-stream/lib/_stream_writable.js:390:139)
[error] 
[error] Error: An unexpected error has occurred.
[debug] [2026-08-03T03:35:33.815Z] Error: write EIO
    at afterWriteDispatched (node:internal/stream_base_commons:159:15)
    at writeGeneric (node:internal/stream_base_commons:150:3)
    at Socket._writeGeneric (node:net:1025:11)
    at Socket._write (node:net:1037:8)
    at writeOrBuffer (node:internal/streams/writable:570:12)
    at _write (node:internal/streams/writable:499:10)
    at Writable.write (node:internal/streams/writable:508:10)
    at Console.log (/home/aalexx/.local/lib/node_modules/firebase-tools/node_modules/winston/lib/winston/transports/console.js:87:23)
    at Console._write (/home/aalexx/.local/lib/node_modules/firebase-tools/node_modules/winston-transport/modern.js:103:17)
    at doWrite (/home/aalexx/.local/lib/node_modules/firebase-tools/node_modules/winston-transport/node_modules/readable-stream/lib/_stream_writable.js:390:139)
[error] 
[error] Error: An unexpected error has occurred.
[debug] [2026-08-03T03:35:33.815Z] Error: write EIO
    at afterWriteDispatched (node:internal/stream_base_commons:159:15)
    at writeGeneric (node:internal/stream_base_commons:150:3)
    at Socket._writeGeneric (node:net:1025:11)
    at Socket._write (node:net:1037:8)
    at writeOrBuffer (node:internal/streams/writable:570:12)
    at _write (node:internal/streams/writable:499:10)
    at Writable.write (node:internal/streams/writable:508:10)
    at Console.log (/home/aalexx/.local/lib/node_modules/firebase-tools/node_modules/winston/lib/winston/transports/console.js:87:23)
    at Console._write (/home/aalexx/.local/lib/node_modules/firebase-tools/node_modules/winston-transport/modern.js:103:17)
    at doWrite (/home/aalexx/.local/lib/node_modules/firebase-tools/node_modules/winston-transport/node_modules/readable-stream/lib/_stream_writable.js:390:139)
[error] 
[error] Error: An unexpected error has occurred.
[debug] [2026-08-03T03:35:33.815Z] Error: write EIO
    at afterWriteDispatched (node:internal/stream_base_commons:159:15)
    at writeGeneric (node:internal/stream_base_commons:150:3)
    at Socket._writeGeneric (node:net:1025:11)
    at Socket._write (node:net:1037:8)
    at writeOrBuffer (node:internal/streams/writable:570:12)
    at _write (node:internal/streams/writable:499:10)
    at Writable.write (node:internal/streams/writable:508:10)
    at Console.log (/home/aalexx/.local/lib/node_modules/firebase-tools/node_modules/winston/lib/winston/transports/console.js:87:23)
    at Console._write (/home/aalexx/.local/lib/node_modules/firebase-tools/node_modules/winston-transport/modern.js:103:17)
    at doWrite (/home/aalexx/.local/lib/node_modules/firebase-tools/node_modules/winston-transport/node_modules/readable-stream/lib/_stream_writable.js:390:139)
[error] 
[error] Error: An unexpected error has occurred.
[debug] [2026-08-03T03:35:33.816Z] Error: write EIO
    at afterWriteDispatched (node:internal/stream_base_commons:159:15)
    at writeGeneric (node:internal/stream_base_commons:150:3)
    at Socket._writeGeneric (node:net:1025:11)
    at Socket._write (node:net:1037:8)
    at writeOrBuffer (node:internal/streams/writable:570:12)
    at _write (node:internal/streams/writable:499:10)
    at Writable.write (node:internal/streams/writable:508:10)
    at Console.log (/home/aalexx/.local/lib/node_modules/firebase-tools/node_modules/winston/lib/winston/transports/console.js:87:23)
    at Console._write (/home/aalexx/.local/lib/node_modules/firebase-tools/node_modules/winston-transport/modern.js:103:17)
    at doWrite (/home/aalexx/.local/lib/node_modules/firebase-tools/node_modules/winston-transport/node_modules/readable-stream/lib/_stream_writable.js:390:139)
[error] 
[error] Error: An unexpected error has occurred.
[debug] [2026-08-03T03:35:33.816Z] Error: write EIO
    at afterWriteDispatched (node:internal/stream_base_commons:159:15)
    at writeGeneric (node:internal/stream_base_commons:150:3)
    at Socket._writeGeneric (node:net:1025:11)
    at Socket._write (node:net:1037:8)
    at writeOrBuffer (node:internal/streams/writable:570:12)
    at _write (node:internal/streams/writable:499:10)
    at Writable.write (node:internal/streams/writable:508:10)
    at Console.log (/home/aalexx/.local/lib/node_modules/firebase-tools/node_modules/winston/lib/winston/transports/console.js:87:23)
    at Console._write (/home/aalexx/.local/lib/node_modules/firebase-tools/node_modules/winston-transport/modern.js:103:17)
    at doWrite (/home/aalexx/.local/lib/node_modules/firebase-tools/node_modules/winston-transport/node_modules/readable-stream/lib/_stream_writable.js:390:139)
[error] 
[error] Error: An unexpected error has occurred.
[debug] [2026-08-03T03:35:33.816Z] Error: write EIO
    at afterWriteDispatched (node:internal/stream_base_commons:159:15)
    at writeGeneric (node:internal/stream_base_commons:150:3)
    at Socket._writeGeneric (node:net:1025:11)
    at Socket._write (node:net:1037:8)
    at writeOrBuffer (node:internal/streams/writable:570:12)
    at _write (node:internal/streams/writable:499:10)
    at Writable.write (node:internal/streams/writable:508:10)
    at Console.log (/home/aalexx/.local/lib/node_modules/firebase-tools/node_modules/winston/lib/winston/transports/console.js:87:23)
    at Console._write (/home/aalexx/.local/lib/node_modules/firebase-tools/node_modules/winston-transport/modern.js:103:17)
    at doWrite (/home/aalexx/.local/lib/node_modules/firebase-tools/node_modules/winston-transport/node_modules/readable-stream/lib/_stream_writable.js:390:139)
[error] 
[error] Error: An unexpected error has occurred.
[debug] [2026-08-03T03:35:33.816Z] Error: write EIO
    at afterWriteDispatched (node:internal/stream_base_commons:159:15)
    at writeGeneric (node:internal/stream_base_commons:150:3)
    at Socket._writeGeneric (node:net:1025:11)
    at Socket._write (node:net:1037:8)
    at writeOrBuffer (node:internal/streams/writable:570:12)
    at _write (node:internal/streams/writable:499:10)
    at Writable.write (node:internal/streams/writable:508:10)
    at Console.log (/home/aalexx/.local/lib/node_modules/firebase-tools/node_modules/winston/lib/winston/transports/console.js:87:23)
    at Console._write (/home/aalexx/.local/lib/node_modules/firebase-tools/node_modules/winston-transport/modern.js:103:17)
    at doWrite (/home/aalexx/.local/lib/node_modules/firebase-tools/node_modules/winston-transport/node_modules/readable-stream/lib/_stream_writable.js:390:139)
[error] 
[error] Error: An unexpected error has occurred.
[debug] [2026-08-03T03:35:33.816Z] Error: write EIO
    at afterWriteDispatched (node:internal/stream_base_commons:159:15)
    at writeGeneric (node:internal/stream_base_commons:150:3)
    at Socket._writeGeneric (node:net:1025:11)
    at Socket._write (node:net:1037:8)
    at writeOrBuffer (node:internal/streams/writable:570:12)
    at _write (node:internal/streams/writable:499:10)
    at Writable.write (node:internal/streams/writable:508:10)
    at Console.log (/home/aalexx/.local/lib/node_modules/firebase-tools/node_modules/winston/lib/winston/transports/console.js:87:23)
    at Console._write (/home/aalexx/.local/lib/node_modules/firebase-tools/node_modules/winston-transport/modern.js:103:17)
    at doWrite (/home/aalexx/.local/lib/node_modules/firebase-tools/node_modules/winston-transport/node_modules/readable-stream/lib/_stream_writable.js:390:139)
[error] 
[error] Error: An unexpected error has occurred.
[debug] [2026-08-03T03:35:33.817Z] Error: write EIO
    at afterWriteDispatched (node:internal/stream_base_commons:159:15)
    at writeGeneric (node:internal/stream_base_commons:150:3)
    at Socket._writeGeneric (node:net:1025:11)
    at Socket._write (node:net:1037:8)
    at writeOrBuffer (node:internal/streams/writable:570:12)
    at _write (node:internal/streams/writable:499:10)
    at Writable.write (node:internal/streams/writable:508:10)
    at Console.log (/home/aalexx/.local/lib/node_modules/firebase-tools/node_modules/winston/lib/winston/transports/console.js:87:23)
    at Console._write (/home/aalexx/.local/lib/node_modules/firebase-tools/node_modules/winston-transport/modern.js:103:17)
    at doWrite (/home/aalexx/.local/lib/node_modules/firebase-tools/node_modules/winston-transport/node_modules/readable-stream/lib/_stream_writable.js:390:139)
[error] 
